tanggal,waktu,latitude,longitude,kedalaman,magnitudo,daerah
09 Desember 2022,23:02:30,-2.79,128.53,213,4,"Halmahera, Indonesia"
09 Desember 2022,22:43:14,-2.79,123.79,68,3.2,"Minahassa Peninsula, Sulawesi"
09 Desember 2022,21:30:17,-8.05,122.37,10,3.4,"Flores Region, Indonesia"
09 Desember 2022,21:20:16,-10.54,113.33,10,3.7,"South of Java, Indonesia"
09 Desember 2022,20:25:28,-2.38,139.32,12,3.4,Near North Coast of Irian Jaya
09 Desember 2022,20:20:51,-2.77,139.11,15,2.8,Near North Coast of Irian Jaya
09 Desember 2022,19:52:55,-5.19,102.59,10,3.1,"Southern Sumatra, Indonesia"
09 Desember 2022,19:49:42,-9.79,124.33,46,1.6,Timor Region
09 Desember 2022,19:17:45,-10.49,124.21,10,3.5,Timor Region
09 Desember 2022,19:14:27,-8.98,118.52,10,2.3,"Sumbawa Region, Indonesia"
09 Desember 2022,19:06:22,-2.59,101.79,10,2.7,"Southern Sumatra, Indonesia"
09 Desember 2022,18:36:53,-1.17,99.96,178,3.2,"Northern Sumatra, Indonesia"
09 Desember 2022,18:35:31,-0.07,98.86,10,2.4,"Southern Sumatra, Indonesia"
09 Desember 2022,18:33:46,-10.43,113.47,10,4,"South of Java, Indonesia"
09 Desember 2022,18:00:23,-3.08,101.49,37,2.7,"Southern Sumatra, Indonesia"
09 Desember 2022,17:34:41,-9.16,113.59,10,3,"South of Java, Indonesia"
09 Desember 2022,16:44:06,-7.18,107.02,93,2.9,"Java, Indonesia"
09 Desember 2022,16:36:10,-0.76,126.25,10,4.4,Northern Molucca Sea
09 Desember 2022,16:06:20,-0.89,125.52,25,3.3,Northern Molucca Sea
09 Desember 2022,15:32:21,-3.01,119.09,10,2.2,"Sulawesi, Indonesia"
09 Desember 2022,15:08:07,-2.48,121.24,13,1.4,"Sulawesi, Indonesia"
09 Desember 2022,14:04:08,-4.11,134.43,13,3.3,"Irian Jaya Region, Indonesia"
09 Desember 2022,14:01:51,-4.15,134.42,17,3,"Irian Jaya Region, Indonesia"
09 Desember 2022,14:01:29,-9.01,118.67,69,2.7,"Sumbawa Region, Indonesia"
09 Desember 2022,13:51:34,-3.93,128.48,10,4.8,"North of Halmahera, Indonesia"
09 Desember 2022,12:07:46,-0.67,127.86,13,2.6,"Halmahera, Indonesia"
09 Desember 2022,11:34:06,-8.61,121.84,10,3.1,"Flores Region, Indonesia"
09 Desember 2022,9:42:11,-2.97,126.65,30,3.1,Northern Molucca Sea
09 Desember 2022,9:34:14,-0.46,122.42,73,2.2,"Minahassa Peninsula, Sulawesi"
09 Desember 2022,6:55:31,-5.98,104.34,35,4.5,"Southern Sumatra, Indonesia"
09 Desember 2022,6:21:34,-2.76,127.94,14,3.8,Northern Molucca Sea
09 Desember 2022,6:14:30,-0.45,125.02,20,3.9,Northern Molucca Sea
09 Desember 2022,5:31:09,-1.72,135.92,10,3.6,"Irian Jaya Region, Indonesia"
09 Desember 2022,4:39:04,-2.99,128.15,28,2.3,Ceram Sea
09 Desember 2022,4:03:21,-0.03,120.22,10,2.7,"Minahassa Peninsula, Sulawesi"
09 Desember 2022,3:22:34,-3.6,128.91,96,3.1,"Seram, Indonesia"
09 Desember 2022,2:55:13,-2.64,129.45,10,3.2,"Seram, Indonesia"
09 Desember 2022,0:41:47,-0.23,122.83,60,3.1,"Minahassa Peninsula, Sulawesi"
09 Desember 2022,0:32:26,-0.49,122.2,94,4.4,"Minahassa Peninsula, Sulawesi"
09 Desember 2022,0:26:54,-0.66,122.11,58,3.6,"Minahassa Peninsula, Sulawesi"
08 Desember 2022,22:49:51,-0.9,120.29,10,2,"Minahassa Peninsula, Sulawesi"
08 Desember 2022,22:13:20,-1.3,119.47,17,1.9,"Sulawesi, Indonesia"
08 Desember 2022,22:12:26,-2.77,129.51,10,3,"Seram, Indonesia"
08 Desember 2022,22:00:03,-8.45,118.4,107,2.8,"Sumbawa Region, Indonesia"
08 Desember 2022,21:18:23,-6.75,107.1,12,2.1,"Java, Indonesia"
08 Desember 2022,18:47:12,-6.8,107.09,13,1.7,"Java, Indonesia"
08 Desember 2022,16:41:21,-0.29,125.33,10,3.5,Southern Molucca Sea
08 Desember 2022,16:38:16,-6.79,107.08,17,1.6,"Java, Indonesia"
08 Desember 2022,16:11:50,-8.53,118.37,104,2.5,"Sumbawa Region, Indonesia"
08 Desember 2022,15:27:20,-9.33,123.86,31,3.1,Timor Region
08 Desember 2022,14:51:13,-0.34,123.97,190,4.5,"Minahassa Peninsula, Sulawesi"
08 Desember 2022,12:45:41,-1.16,136.78,14,3.8,"Irian Jaya Region, Indonesia"
08 Desember 2022,12:21:38,-8.08,107.91,25,3.3,"Java, Indonesia"
08 Desember 2022,10:45:03,-1.7,124.04,27,3,"Minahassa Peninsula, Sulawesi"
08 Desember 2022,9:35:36,-10.48,113.52,30,3.6,"South of Java, Indonesia"
08 Desember 2022,8:56:16,-3.69,128.08,10,3,"Seram, Indonesia"
08 Desember 2022,8:39:26,-7.39,106.19,28,3.6,"Java, Indonesia"
08 Desember 2022,7:53:27,-10.81,113.58,10,3.9,"South of Java, Indonesia"
08 Desember 2022,7:35:12,-2.36,126.14,31,3.8,Northern Molucca Sea
08 Desember 2022,7:07:36,-6.8,107.09,12,1.6,"Java, Indonesia"
08 Desember 2022,6:29:43,-6.14,130.21,147,4.2,Banda Sea
08 Desember 2022,6:17:51,-1.05,128.86,10,4.1,"Halmahera, Indonesia"
08 Desember 2022,6:09:35,-2.47,139.3,15,4.1,Near North Coast of Irian Jaya
08 Desember 2022,4:59:32,-2.87,98.55,10,2.6,"Northern Sumatra, Indonesia"
08 Desember 2022,4:58:58,-2.57,139.27,46,5.2,Near North Coast of Irian Jaya
08 Desember 2022,3:56:56,-9.5,118.89,12,3.8,"Sumbawa Region, Indonesia"
08 Desember 2022,3:35:17,-1.11,119.85,10,3.5,Celebes Sea
08 Desember 2022,2:49:15,-8.87,110.76,79,4.6,"Java, Indonesia"
08 Desember 2022,2:23:45,-6.83,107.06,10,1.9,"Java, Indonesia"
08 Desember 2022,1:29:10,-0.09,126.63,12,3.3,Southern Molucca Sea
08 Desember 2022,1:03:52,-7.05,106.94,106,1.9,"Java, Indonesia"
08 Desember 2022,0:50:57,-7,106.98,117,5.8,"Java, Indonesia"
07 Desember 2022,23:40:52,-0.5,135.64,11,3.3,"Irian Jaya Region, Indonesia"
07 Desember 2022,23:40:03,-6.85,107.06,26,2,"Java, Indonesia"
07 Desember 2022,23:07:54,-8.64,119.36,91,2.7,"Flores Region, Indonesia"
07 Desember 2022,22:53:44,-6.82,107.05,11,1.5,"Java, Indonesia"
07 Desember 2022,22:49:47,-6.86,107.12,26,2.1,"Java, Indonesia"
07 Desember 2022,22:35:52,-0.05,122.96,152,2.6,"Minahassa Peninsula, Sulawesi"
07 Desember 2022,22:28:15,-0.27,119.46,15,2.9,"Minahassa Peninsula, Sulawesi"
07 Desember 2022,22:14:06,-6.6,130.45,96,4.2,Banda Sea
07 Desember 2022,21:43:20,-10.05,118.85,10,4.1,"South of Sumbawa, Indonesia"
07 Desember 2022,21:13:51,-9.38,119.24,66,2.2,"Sumba Region, Indonesia"
07 Desember 2022,20:58:34,-10.55,113.26,83,3.2,"South of Java, Indonesia"
07 Desember 2022,20:54:58,-1.72,127.2,94,3.9,"Halmahera, Indonesia"
07 Desember 2022,20:01:52,-10.49,113.37,10,3.3,"South of Java, Indonesia"
07 Desember 2022,19:13:20,-0.15,123.09,178,2.3,"Minahassa Peninsula, Sulawesi"
07 Desember 2022,19:11:59,-2.85,139.19,12,2.7,Near North Coast of Irian Jaya
07 Desember 2022,19:04:51,-9.07,113.08,14,2.7,"South of Java, Indonesia"
07 Desember 2022,18:54:21,-6.83,107.09,10,1.4,"Java, Indonesia"
07 Desember 2022,18:54:09,-0.14,122.88,139,2.3,"Minahassa Peninsula, Sulawesi"
07 Desember 2022,18:13:35,-6.83,107.02,25,1.5,"Java, Indonesia"
07 Desember 2022,17:33:41,-7.97,119.65,10,3.7,Flores Sea
07 Desember 2022,17:03:19,-8.14,106.49,60,2.5,"South of Java, Indonesia"
07 Desember 2022,16:27:16,-4.73,100.83,21,3.6,"Southwest of Sumatra, Indonesia"
07 Desember 2022,16:23:11,-4.39,127.86,56,3.9,"Talaud Islands, Indonesia"
07 Desember 2022,16:10:06,-6.8,107.07,10,1.5,"Java, Indonesia"
07 Desember 2022,16:09:38,-8.62,115.24,86,2.1,"Bali Region, Indonesia"
07 Desember 2022,16:05:03,-8.36,110.21,10,2.9,"Java, Indonesia"
07 Desember 2022,15:14:33,-10.63,113.36,33,4.7,"South of Java, Indonesia"
07 Desember 2022,14:58:11,-10.45,113.38,10,3.4,"South of Java, Indonesia"
07 Desember 2022,13:56:08,-9.34,125.56,10,2.9,Timor Region
07 Desember 2022,13:31:20,-6.38,104.12,12,2.8,"Sunda Strait, Indonesia"
07 Desember 2022,12:30:32,-0.73,125.57,10,4.5,Northern Molucca Sea
07 Desember 2022,11:52:47,-1.78,119.36,10,2.7,"Sulawesi, Indonesia"
07 Desember 2022,10:56:51,-7.53,107.3,10,3,"Java, Indonesia"
07 Desember 2022,10:47:12,-8.41,119.56,23,2.9,"Flores Region, Indonesia"
07 Desember 2022,10:24:39,-3.64,133.68,10,3.3,"Irian Jaya Region, Indonesia"
07 Desember 2022,8:57:08,-10.62,113.42,10,3.9,"South of Java, Indonesia"
07 Desember 2022,8:38:59,-2.9,122.35,10,3.2,"Sulawesi, Indonesia"
07 Desember 2022,8:29:51,-6.82,107.08,12,2.1,"Java, Indonesia"
07 Desember 2022,7:12:11,-0.03,123.61,121,3.1,"Minahassa Peninsula, Sulawesi"
07 Desember 2022,6:59:04,-3.05,130.91,11,4,"Seram, Indonesia"
07 Desember 2022,6:58:12,-7.19,108.05,10,1.9,"Java, Indonesia"
07 Desember 2022,6:53:19,-3.2,130.94,17,4.7,"Seram, Indonesia"
07 Desember 2022,6:39:43,-2.73,101.75,91,3,"Southern Sumatra, Indonesia"
07 Desember 2022,5:44:17,-5.5,102.03,14,4.6,"Southern Sumatra, Indonesia"
07 Desember 2022,5:08:42,-2.35,121.4,10,2.9,"Sulawesi, Indonesia"
07 Desember 2022,4:56:17,-0.78,98.7,54,3.1,"Northern Sumatra, Indonesia"
07 Desember 2022,4:36:19,-2.55,121.21,10,2.9,"Sulawesi, Indonesia"
07 Desember 2022,3:48:27,-0.22,122.88,88,2.3,"Minahassa Peninsula, Sulawesi"
07 Desember 2022,3:46:36,-8.87,116.93,10,2.3,"Sumbawa Region, Indonesia"
07 Desember 2022,2:48:43,-0.17,99.95,10,2.8,"Northern Sumatra, Indonesia"
07 Desember 2022,2:40:48,-1.2,97.18,29,3.4,"Northern Sumatra, Indonesia"
07 Desember 2022,2:11:55,-10.49,113.22,26,3.7,"South of Java, Indonesia"
07 Desember 2022,1:50:52,-7.85,119.04,24,3.2,Flores Sea
07 Desember 2022,1:22:47,-3.24,138.44,94,3.8,"Irian Jaya, Indonesia"
07 Desember 2022,1:20:42,-2.85,122.14,10,2.8,"Sulawesi, Indonesia"
07 Desember 2022,1:03:51,-6.78,107.12,17,2,"Java, Indonesia"
06 Desember 2022,22:15:44,-0.77,98.65,39,3.1,"Northern Sumatra, Indonesia"
06 Desember 2022,20:45:04,-1.61,120.2,10,2,"Sulawesi, Indonesia"
06 Desember 2022,20:27:28,-1.15,126.8,35,3.1,Northern Molucca Sea
06 Desember 2022,20:24:37,-3.32,129.06,10,2.6,"Seram, Indonesia"
06 Desember 2022,20:05:29,-2.11,127.48,179,3.5,Northern Molucca Sea
06 Desember 2022,19:55:20,-1.95,98.97,112,2.9,"Northern Sumatra, Indonesia"
06 Desember 2022,19:48:58,-10.64,113.4,10,4.1,"South of Java, Indonesia"
06 Desember 2022,19:45:54,-10.83,113.31,23,4.1,"South of Java, Indonesia"
06 Desember 2022,19:38:46,-8.6,117.51,170,2.3,"Sumbawa Region, Indonesia"
06 Desember 2022,19:26:30,-4.83,100.81,12,3.6,"Southwest of Sumatra, Indonesia"
06 Desember 2022,19:21:01,-3.12,123.01,12,3.4,"Sulawesi, Indonesia"
06 Desember 2022,19:20:30,-0.76,98.66,38,3.2,"Northern Sumatra, Indonesia"
06 Desember 2022,18:25:34,-4.51,96.42,10,2.8,"Northern Sumatra, Indonesia"
06 Desember 2022,18:18:53,-9.99,121.36,31,2.9,Savu Sea
06 Desember 2022,17:53:59,-2.95,119.36,10,1.9,"Sulawesi, Indonesia"
06 Desember 2022,17:38:06,-8.44,119.88,146,3.8,"Flores Region, Indonesia"
06 Desember 2022,17:32:39,-0.3,121.83,186,3,"Minahassa Peninsula, Sulawesi"
06 Desember 2022,17:26:56,-0.73,119.72,21,2.2,"Minahassa Peninsula, Sulawesi"
06 Desember 2022,17:24:37,-8.75,123.05,18,2.5,"Flores Region, Indonesia"
06 Desember 2022,17:15:07,-7.78,118.89,33,2.3,Flores Sea
06 Desember 2022,16:52:57,-8.79,123.06,11,3.5,"Flores Region, Indonesia"
06 Desember 2022,15:41:09,-10.61,113.45,32,4.1,"South of Java, Indonesia"
06 Desember 2022,15:36:38,-10.49,113.49,28,3.7,"South of Java, Indonesia"
06 Desember 2022,15:33:17,-6.78,107.11,10,1.6,"Java, Indonesia"
06 Desember 2022,15:09:33,-10.45,113.48,10,3.9,"South of Java, Indonesia"
06 Desember 2022,14:42:48,-10.46,113.43,10,3.7,"South of Java, Indonesia"
06 Desember 2022,14:32:36,-2.31,140.07,11,4.1,Near North Coast of Irian Jaya
06 Desember 2022,14:21:36,-10.32,113.65,25,3.4,"South of Java, Indonesia"
06 Desember 2022,14:19:42,-2.75,140.32,13,2.4,Near North Coast of Irian Jaya
06 Desember 2022,14:10:19,-10.7,113.25,10,4,"South of Java, Indonesia"
06 Desember 2022,14:03:17,-10.51,113.47,10,3.8,"South of Java, Indonesia"
06 Desember 2022,13:26:45,-2.74,140.26,36,2.5,Near North Coast of Irian Jaya
06 Desember 2022,13:24:26,-0.33,123.15,28,2.1,"Minahassa Peninsula, Sulawesi"
06 Desember 2022,13:06:09,-3.66,101.45,10,3.1,"Southern Sumatra, Indonesia"
06 Desember 2022,12:52:26,-0.95,127.78,10,3.3,"Halmahera, Indonesia"
06 Desember 2022,11:47:33,-3,129.95,23,3.1,"Seram, Indonesia"
06 Desember 2022,11:29:08,-1.48,126.32,16,3.1,Northern Molucca Sea
06 Desember 2022,11:26:45,-2.82,129.9,22,2.7,"Seram, Indonesia"
06 Desember 2022,11:19:10,-5.65,130.99,109,3.3,Banda Sea
06 Desember 2022,11:07:48,-10.66,113.38,10,3.9,"South of Java, Indonesia"
06 Desember 2022,10:36:10,-6.74,106.89,10,1.9,"Java, Indonesia"
06 Desember 2022,10:22:05,-10.62,113.39,10,5.2,"South of Java, Indonesia"
06 Desember 2022,9:27:08,-10.54,113.43,10,4.2,"South of Java, Indonesia"
06 Desember 2022,9:05:20,-6.77,107.35,14,2.2,"Java, Indonesia"
06 Desember 2022,8:55:49,-10.74,113.35,10,4.4,"South of Java, Indonesia"
06 Desember 2022,8:48:13,-10.55,113.36,10,3.7,"South of Java, Indonesia"
06 Desember 2022,8:15:07,-10.66,113.39,10,4.1,"South of Java, Indonesia"
06 Desember 2022,8:01:32,-0.01,123.21,132,4.6,"Minahassa Peninsula, Sulawesi"
06 Desember 2022,7:20:06,-9.73,113.49,10,3.4,"South of Java, Indonesia"
06 Desember 2022,7:15:16,-10.83,113.38,10,4.1,"South of Java, Indonesia"
06 Desember 2022,6:49:12,-10.62,113.34,10,4.3,"South of Java, Indonesia"
06 Desember 2022,6:36:04,-10.25,113.2,10,3.9,"South of Java, Indonesia"
06 Desember 2022,6:25:34,-10.8,113.31,10,4.4,"South of Java, Indonesia"
06 Desember 2022,6:07:50,-10.7,113.38,10,6,"South of Java, Indonesia"
06 Desember 2022,5:43:04,-0.58,121.87,10,3.8,"Minahassa Peninsula, Sulawesi"
06 Desember 2022,4:48:43,-0.08,129.77,106,3.1,"Halmahera, Indonesia"
06 Desember 2022,3:58:40,-4.78,96.21,10,2.7,"Northern Sumatra, Indonesia"
06 Desember 2022,3:56:17,-0.6,125.1,20,2.8,Northern Molucca Sea
06 Desember 2022,3:51:44,-0.67,122.03,10,2.3,"Minahassa Peninsula, Sulawesi"
06 Desember 2022,3:39:52,-6.89,107.15,22,1.5,"Java, Indonesia"
06 Desember 2022,3:21:37,-4.4,103.5,10,2,"Southern Sumatra, Indonesia"
06 Desember 2022,3:13:26,-7.99,107.34,29,2.5,"Java, Indonesia"
06 Desember 2022,2:34:51,-9.41,123.87,24,4.9,Timor Region
06 Desember 2022,0:10:46,-6.84,107.08,10,1.7,"Java, Indonesia"
06 Desember 2022,0:00:33,-0.74,125.99,13,3.2,Northern Molucca Sea
05 Desember 2022,23:54:34,-0.98,125.45,41,3.5,Northern Molucca Sea
05 Desember 2022,21:42:05,-2.07,98.98,10,2.8,"Northern Sumatra, Indonesia"
05 Desember 2022,21:08:14,-2.41,133.68,10,3.4,"Irian Jaya Region, Indonesia"
05 Desember 2022,21:06:56,-3.42,127.99,10,2.6,"Seram, Indonesia"
05 Desember 2022,20:57:10,-0.48,122.3,32,2.2,"Minahassa Peninsula, Sulawesi"
05 Desember 2022,20:29:11,-4.44,100.92,10,4.1,"Southwest of Sumatra, Indonesia"
05 Desember 2022,20:15:35,-8.27,116.3,10,2.7,"Sumbawa Region, Indonesia"
05 Desember 2022,20:13:40,-0.24,121.87,178,2.3,"Minahassa Peninsula, Sulawesi"
05 Desember 2022,20:06:33,-1.37,99.73,26,3.4,"Southern Sumatra, Indonesia"
05 Desember 2022,20:01:39,-8.38,116.02,10,2.7,"Sumbawa Region, Indonesia"
05 Desember 2022,19:50:15,-2.84,125.38,28,3.1,"Talaud Islands, Indonesia"
05 Desember 2022,19:38:57,-2.46,121.88,10,2.6,"Sulawesi, Indonesia"
05 Desember 2022,18:53:22,-1.88,122.53,12,4.2,"Sulawesi, Indonesia"
05 Desember 2022,18:48:04,-8.04,117.89,208,2.2,"Sumbawa Region, Indonesia"
05 Desember 2022,18:38:02,-7.44,128.69,149,4.3,Banda Sea
05 Desember 2022,18:10:54,-8.74,110.25,18,3,"Java, Indonesia"
05 Desember 2022,18:10:04,-4.78,103.08,53,2.4,"Southern Sumatra, Indonesia"
05 Desember 2022,18:06:26,-2.92,122.38,10,2.6,"Sulawesi, Indonesia"
05 Desember 2022,18:03:25,-8.38,118.07,25,2.5,"Sumbawa Region, Indonesia"
05 Desember 2022,17:56:49,-9.62,114.99,62,2.7,"South of Bali, Indonesia"
05 Desember 2022,17:53:39,-6.85,107.07,12,1.9,"Java, Indonesia"
05 Desember 2022,17:37:51,-0.86,99.38,37,4.1,"Southern Sumatra, Indonesia"
05 Desember 2022,17:36:56,-3.6,135.53,14,4.4,"Irian Jaya Region, Indonesia"
05 Desember 2022,17:14:35,-8.77,119.4,92,2.8,"Flores Region, Indonesia"
05 Desember 2022,17:06:11,-9.86,119.02,19,3.2,"Sumba Region, Indonesia"
05 Desember 2022,16:56:27,-0.26,123.2,87,2.2,"Minahassa Peninsula, Sulawesi"
05 Desember 2022,16:15:38,-8.45,116.99,11,2.3,"Sumbawa Region, Indonesia"
05 Desember 2022,16:11:24,-2.69,121.99,10,3.3,"Sulawesi, Indonesia"
05 Desember 2022,16:10:02,-9.29,122.34,21,3.2,Savu Sea
05 Desember 2022,16:00:40,-7.98,116.85,10,2.4,Bali Sea
05 Desember 2022,15:20:03,-9.1,119.33,38,2.9,"Sumba Region, Indonesia"
05 Desember 2022,14:28:00,-9.81,118.78,15,3.3,"Sumbawa Region, Indonesia"
05 Desember 2022,13:57:04,-6.9,105.37,10,2.9,"Sunda Strait, Indonesia"
05 Desember 2022,13:48:25,-1.81,128.58,24,3.6,"Halmahera, Indonesia"
05 Desember 2022,13:38:10,-0.22,122.35,143,3.1,"Minahassa Peninsula, Sulawesi"
05 Desember 2022,13:24:45,-1.94,100.47,42,2.7,"Southern Sumatra, Indonesia"
05 Desember 2022,13:18:07,-6.81,107.08,19,1.6,"Java, Indonesia"
05 Desember 2022,12:36:01,-8.11,107.89,31,2.6,"Java, Indonesia"
05 Desember 2022,12:05:30,-4.09,125.74,130,4,"Talaud Islands, Indonesia"
05 Desember 2022,12:01:10,-8.4,117.49,10,2.7,"Sumbawa Region, Indonesia"
05 Desember 2022,11:40:57,-7.69,118.98,27,2.8,Flores Sea
05 Desember 2022,11:14:24,-2.56,98.96,150,3.2,"Northern Sumatra, Indonesia"
05 Desember 2022,11:05:24,-2.19,128.18,51,4.2,Ceram Sea
05 Desember 2022,9:56:04,-3.59,134.88,10,4,"Irian Jaya Region, Indonesia"
05 Desember 2022,9:47:13,-8.3,115.91,18,2.9,"Bali Region, Indonesia"
05 Desember 2022,9:31:52,-1.65,126.31,15,3.3,Northern Molucca Sea
05 Desember 2022,9:23:34,-2.97,129.82,11,2.9,"Seram, Indonesia"
05 Desember 2022,9:21:53,-2.27,128.2,59,3.7,Ceram Sea
05 Desember 2022,9:00:14,-6.84,107.09,12,2,"Java, Indonesia"
05 Desember 2022,7:51:56,-2.48,128.74,12,4.3,"Halmahera, Indonesia"
05 Desember 2022,7:16:34,-4.01,141.99,106,4.7,"New Guinea, Papua New Guinea"
05 Desember 2022,6:55:16,-1.09,97.08,20,3.6,"Northern Sumatra, Indonesia"
05 Desember 2022,6:50:47,-2.35,120.99,10,2.5,"Sulawesi, Indonesia"
05 Desember 2022,6:27:05,-9.73,115.94,48,4.4,"South of Bali, Indonesia"
05 Desember 2022,5:25:31,-2.72,121.31,11,2.4,"Sulawesi, Indonesia"
05 Desember 2022,5:21:20,-2.88,97.69,47,3,"Northern Sumatra, Indonesia"
05 Desember 2022,5:07:57,-10.22,123.78,10,3,Timor Region
05 Desember 2022,4:31:48,-2.35,121,10,3.9,"Sulawesi, Indonesia"
05 Desember 2022,4:06:03,-8.32,117.53,10,4.6,"Sumbawa Region, Indonesia"
05 Desember 2022,3:07:38,-7.19,107.7,10,2.1,"Java, Indonesia"
05 Desember 2022,3:07:03,-9.51,117.87,19,2.4,"Sumbawa Region, Indonesia"
05 Desember 2022,3:03:44,-0.09,123.36,121,2.5,"Minahassa Peninsula, Sulawesi"
05 Desember 2022,1:56:45,-0.24,121.81,179,3.1,"Minahassa Peninsula, Sulawesi"
05 Desember 2022,0:30:06,-8.29,107.91,25,3.7,"Java, Indonesia"
05 Desember 2022,0:23:37,-1.44,127.31,141,3.7,"Halmahera, Indonesia"
05 Desember 2022,0:00:24,-0.06,122.41,141,2.6,"Minahassa Peninsula, Sulawesi"
04 Desember 2022,22:00:44,-2.9,119.46,10,3.1,"Sulawesi, Indonesia"
04 Desember 2022,21:27:08,-1.06,97.03,13,4.9,"Northern Sumatra, Indonesia"
04 Desember 2022,21:02:10,-3.82,128.05,173,4,"Seram, Indonesia"
04 Desember 2022,20:58:39,-0.6,98.25,10,3.4,"Northern Sumatra, Indonesia"
04 Desember 2022,20:52:40,-4.81,102.92,10,2.2,"Southern Sumatra, Indonesia"
04 Desember 2022,20:50:13,-7.66,104.33,16,3.8,"Southwest of Sumatra, Indonesia"
04 Desember 2022,20:09:50,-7.08,106.29,131,2.2,"Java, Indonesia"
04 Desember 2022,19:25:44,-3.61,134.79,15,4.7,"Irian Jaya Region, Indonesia"
04 Desember 2022,18:58:00,-0.31,119.56,21,2.5,"Minahassa Peninsula, Sulawesi"
04 Desember 2022,18:10:56,-0.08,123.43,95,4.6,"Minahassa Peninsula, Sulawesi"
04 Desember 2022,18:06:28,-6.18,103.9,10,3.6,"Southwest of Sumatra, Indonesia"
04 Desember 2022,17:24:25,-8.22,108.42,38,3,"Java, Indonesia"
04 Desember 2022,17:06:57,-7.81,124.94,326,3.1,Banda Sea
04 Desember 2022,17:04:58,-6.47,103.98,17,3,"Southwest of Sumatra, Indonesia"
04 Desember 2022,17:02:52,-1.07,123.64,10,2.4,"Sulawesi, Indonesia"
04 Desember 2022,16:52:04,-1.51,127.18,106,3.1,"Halmahera, Indonesia"
04 Desember 2022,16:38:53,-7.89,117.66,19,2.8,Bali Sea
04 Desember 2022,16:01:45,-9.78,113.72,38,4.3,"South of Java, Indonesia"
04 Desember 2022,15:50:45,-1.44,99.24,10,2,"Northern Sumatra, Indonesia"
04 Desember 2022,15:35:22,-6.83,107.07,11,2.1,"Java, Indonesia"
04 Desember 2022,15:31:31,-9.36,125.42,10,2.8,Timor Region
04 Desember 2022,15:02:50,-6.18,112.67,606,5,"Java, Indonesia"
04 Desember 2022,14:51:57,-3.36,97.81,96,2.5,"Northern Sumatra, Indonesia"
04 Desember 2022,14:43:00,-9.45,110.18,13,3.3,"South of Java, Indonesia"
04 Desember 2022,14:32:25,-9.53,110.18,12,3.7,"South of Java, Indonesia"
04 Desember 2022,14:29:10,-9.48,110.23,11,3.3,"South of Java, Indonesia"
04 Desember 2022,14:18:16,-9.51,110.17,14,3.6,"South of Java, Indonesia"
04 Desember 2022,14:14:14,-9.43,110.27,14,3.5,"South of Java, Indonesia"
04 Desember 2022,12:15:20,-6.79,107.1,25,2.2,"Java, Indonesia"
04 Desember 2022,8:15:42,-1.85,124.51,24,4,Southern Molucca Sea
04 Desember 2022,7:44:42,-4.43,96.63,10,3.1,"Northern Sumatra, Indonesia"
04 Desember 2022,6:43:16,-6.71,107.34,11,2.3,"Java, Indonesia"
04 Desember 2022,6:27:03,-7.18,121.2,18,3.2,Flores Sea
04 Desember 2022,6:23:35,-8.92,116.88,10,2.2,"Sumbawa Region, Indonesia"
04 Desember 2022,5:56:16,-0.98,120.27,10,2.7,"Minahassa Peninsula, Sulawesi"
04 Desember 2022,5:31:55,-7.6,125.14,357,4.2,Banda Sea
04 Desember 2022,2:57:37,-7.38,108.25,10,3.2,"Java, Indonesia"
04 Desember 2022,2:43:13,-0.5,124.43,10,2.9,Southern Molucca Sea
04 Desember 2022,2:25:13,-6.92,107.11,10,2.2,"Java, Indonesia"
04 Desember 2022,1:43:19,-0.09,123.13,70,3.7,"Minahassa Peninsula, Sulawesi"
04 Desember 2022,1:06:01,-7.42,107.61,102,2.7,"Java, Indonesia"
04 Desember 2022,0:49:12,-5.19,133.97,10,4.2,"Aru Islands Region, Indonesia"
04 Desember 2022,0:43:11,-2.31,140.3,10,3,Near North Coast of Irian Jaya
04 Desember 2022,0:14:17,-2.25,140.3,10,2.9,Near North Coast of Irian Jaya
04 Desember 2022,0:09:30,-2.36,140.34,10,3.2,Near North Coast of Irian Jaya
03 Desember 2022,22:25:13,-6.82,107.11,10,1.7,"Java, Indonesia"
03 Desember 2022,22:01:02,-6.84,107.06,10,4.3,"Java, Indonesia"
03 Desember 2022,21:52:20,-0.13,125.35,10,3.4,Southern Molucca Sea
03 Desember 2022,21:39:54,-7.34,108.24,10,2.8,"Java, Indonesia"
03 Desember 2022,21:34:49,-7.38,108.23,10,3,"Java, Indonesia"
03 Desember 2022,21:29:59,-2.89,101.21,23,3,"Southern Sumatra, Indonesia"
03 Desember 2022,21:03:38,-2.52,121.76,10,3,"Sulawesi, Indonesia"
03 Desember 2022,20:42:43,-0.03,124.12,63,3.3,Southern Molucca Sea
03 Desember 2022,20:33:26,-8.32,115.75,28,2.1,"Bali Region, Indonesia"
03 Desember 2022,20:12:16,-3.66,119.37,24,2.2,"Sulawesi, Indonesia"
03 Desember 2022,19:54:53,-7.59,107.52,94,2.6,"Java, Indonesia"
03 Desember 2022,19:39:50,-7.98,117.8,25,2.4,Bali Sea
03 Desember 2022,19:39:30,-3.4,128.24,10,2,"Seram, Indonesia"
03 Desember 2022,18:49:44,-5.06,104.14,10,1.9,"Southern Sumatra, Indonesia"
03 Desember 2022,18:48:06,-0.54,123.37,32,2.3,"Minahassa Peninsula, Sulawesi"
03 Desember 2022,17:57:32,-4.81,100.67,10,4.3,"Southwest of Sumatra, Indonesia"
03 Desember 2022,17:18:19,-1.48,99.35,10,2.2,"Northern Sumatra, Indonesia"
03 Desember 2022,17:10:23,-5.22,96.23,10,1.9,"Northern Sumatra, Indonesia"
03 Desember 2022,16:59:55,-0.34,122.33,113,2.6,"Minahassa Peninsula, Sulawesi"
03 Desember 2022,16:49:03,-6.89,105.45,28,2.7,"Sunda Strait, Indonesia"
03 Desember 2022,16:32:12,-1.72,126.51,10,3.4,Northern Molucca Sea
03 Desember 2022,15:50:56,-0.18,99.97,10,2.5,"Northern Sumatra, Indonesia"
03 Desember 2022,13:28:19,-2.49,121.07,10,2,"Sulawesi, Indonesia"
03 Desember 2022,13:18:47,-2.46,121.07,5,1.8,"Sulawesi, Indonesia"
03 Desember 2022,13:11:35,-8.28,109.02,26,2.7,"Java, Indonesia"
03 Desember 2022,12:56:42,-0.01,123.54,123,3.8,"Minahassa Peninsula, Sulawesi"
03 Desember 2022,12:02:48,-8.3,109,27,2.4,"Java, Indonesia"
03 Desember 2022,11:52:13,-8.13,117.71,10,2.5,"Sumbawa Region, Indonesia"
03 Desember 2022,11:50:26,-8.94,124.23,77,3.3,Timor Region
03 Desember 2022,11:30:53,-5.74,104.01,10,3,"Southern Sumatra, Indonesia"
03 Desember 2022,11:26:35,-6.84,107.07,10,3.1,"Java, Indonesia"
03 Desember 2022,10:59:01,-7.6,107.52,103,3.2,"Java, Indonesia"
03 Desember 2022,10:40:47,-2.53,121.22,10,2.9,"Sulawesi, Indonesia"
03 Desember 2022,10:39:30,-2.52,121.2,10,2.8,"Sulawesi, Indonesia"
03 Desember 2022,10:29:37,-10.34,123.84,12,3,Timor Region
03 Desember 2022,10:22:48,-10.31,123.84,12,3.5,Timor Region
03 Desember 2022,9:49:42,-7.33,107.55,119,6.1,"Java, Indonesia"
03 Desember 2022,8:55:41,-3.12,126.51,47,4,"Talaud Islands, Indonesia"
03 Desember 2022,8:10:51,-4.44,96.6,123,3,"Northern Sumatra, Indonesia"
03 Desember 2022,5:22:34,-1.7,126.55,10,3.6,Northern Molucca Sea
03 Desember 2022,5:08:42,-9.55,117.89,10,4.1,"Sumbawa Region, Indonesia"
03 Desember 2022,3:25:02,-6.83,107.07,10,1.8,"Java, Indonesia"
03 Desember 2022,2:19:36,-3.14,122.63,495,4.3,Celebes Sea
03 Desember 2022,2:13:50,-8.41,108.94,14,2.8,"Java, Indonesia"
03 Desember 2022,1:59:56,-2.8,139.46,11,4.3,Near North Coast of Irian Jaya
03 Desember 2022,1:37:08,-1.39,128.82,10,3.2,"Halmahera, Indonesia"
02 Desember 2022,23:15:10,-0.29,119.57,20,2.9,"Minahassa Peninsula, Sulawesi"
02 Desember 2022,23:03:45,-9.58,123.25,85,4,Timor Region
02 Desember 2022,22:52:23,-0.22,123.45,28,2.5,"Minahassa Peninsula, Sulawesi"
02 Desember 2022,22:09:53,-6.79,107.07,10,2.2,"Java, Indonesia"
02 Desember 2022,21:51:33,-1.89,128.4,10,3.4,"Halmahera, Indonesia"
02 Desember 2022,20:37:22,-8.11,107.91,24,4.6,"Java, Indonesia"
02 Desember 2022,18:43:48,-8.29,107.21,10,2.8,"Java, Indonesia"
02 Desember 2022,18:16:35,-4.24,102.38,50,2.7,"Southern Sumatra, Indonesia"
02 Desember 2022,17:54:34,-6.84,107.01,10,1.8,"Java, Indonesia"
02 Desember 2022,16:18:14,-7.13,107.02,147,2.2,"Java, Indonesia"
02 Desember 2022,16:09:23,-0.55,120.36,16,2.6,"Minahassa Peninsula, Sulawesi"
02 Desember 2022,14:43:06,-10.04,121.07,10,3,Savu Sea
02 Desember 2022,14:32:22,-2.52,120.89,22,1.5,"Sulawesi, Indonesia"
02 Desember 2022,13:41:29,-6.8,107.09,12,1.5,"Java, Indonesia"
02 Desember 2022,12:49:08,-8.59,121.63,176,4.4,"Flores Region, Indonesia"
02 Desember 2022,12:40:18,-0.26,123.04,88,4.3,"Minahassa Peninsula, Sulawesi"
02 Desember 2022,12:36:40,-2.92,119.38,10,2.9,"Sulawesi, Indonesia"
02 Desember 2022,12:20:15,-0.12,123.11,113,2.6,"Minahassa Peninsula, Sulawesi"
02 Desember 2022,10:47:32,-6.82,107.09,10,2.1,"Java, Indonesia"
02 Desember 2022,10:26:31,-7.27,109.61,10,2.3,"Java, Indonesia"
02 Desember 2022,9:57:51,-1.4,134.23,21,4.2,"Irian Jaya Region, Indonesia"
02 Desember 2022,8:55:17,-0.13,123.24,139,4.9,"Minahassa Peninsula, Sulawesi"
02 Desember 2022,8:20:30,-0.55,98.32,10,3.2,"Northern Sumatra, Indonesia"
02 Desember 2022,7:38:33,-8.27,116.56,16,2.3,"Sumbawa Region, Indonesia"
02 Desember 2022,7:34:24,-6.9,107.09,10,2,"Java, Indonesia"
02 Desember 2022,7:12:49,-6.78,107.1,11,2,"Java, Indonesia"
02 Desember 2022,6:45:06,-1.92,128.36,23,4.4,"Halmahera, Indonesia"
02 Desember 2022,6:03:30,-6.84,107.1,10,2.6,"Java, Indonesia"
02 Desember 2022,5:16:00,-8.89,116.86,10,2.1,"Sumbawa Region, Indonesia"
02 Desember 2022,5:03:10,-7.92,118.7,40,2.6,Flores Sea
02 Desember 2022,4:19:27,-8.9,116.89,10,2.3,"Sumbawa Region, Indonesia"
02 Desember 2022,3:46:29,-9.43,117.34,34,2.8,"Sumbawa Region, Indonesia"
02 Desember 2022,2:47:26,-1.88,128.43,10,5,"Halmahera, Indonesia"
02 Desember 2022,2:05:24,-6.83,107.03,13,2.5,"Java, Indonesia"
02 Desember 2022,2:00:29,-7.95,117.45,12,2.9,Bali Sea
02 Desember 2022,1:51:25,-7.86,114.21,13,3.1,Bali Sea
02 Desember 2022,1:49:07,-8.1,117.89,31,2.8,"Sumbawa Region, Indonesia"
02 Desember 2022,1:44:38,-8.26,116.43,13,2.3,"Sumbawa Region, Indonesia"
02 Desember 2022,0:51:55,-0.23,122.91,27,2.6,"Minahassa Peninsula, Sulawesi"
02 Desember 2022,0:42:01,-6.85,107.09,10,2.5,"Java, Indonesia"
01 Desember 2022,23:53:05,-6.78,107.06,10,2,"Java, Indonesia"
01 Desember 2022,20:39:36,-3.88,103.68,10,2.4,"Southern Sumatra, Indonesia"
01 Desember 2022,20:28:16,-2.85,127.08,10,3.6,Northern Molucca Sea
01 Desember 2022,20:24:30,-2.9,127.11,14,3.5,Northern Molucca Sea
01 Desember 2022,19:54:01,-6.77,107.09,10,1.4,"Java, Indonesia"
01 Desember 2022,19:28:15,-0.58,122.29,84,2,"Minahassa Peninsula, Sulawesi"
01 Desember 2022,19:23:55,-4.49,102.3,25,2.4,"Southern Sumatra, Indonesia"
01 Desember 2022,18:29:12,-6.82,107.08,10,1.5,"Java, Indonesia"
01 Desember 2022,18:15:36,-2.28,138.93,45,3.5,"Irian Jaya, Indonesia"
01 Desember 2022,17:36:40,-6.82,107.09,11,1.6,"Java, Indonesia"
01 Desember 2022,17:33:06,-4.55,119.73,10,1.9,"Sulawesi, Indonesia"
01 Desember 2022,16:18:40,-4.27,137.05,10,4.1,"Irian Jaya, Indonesia"
01 Desember 2022,14:52:01,-6.84,107.03,14,1.8,"Java, Indonesia"
01 Desember 2022,14:13:17,-1.9,128.07,10,3.9,"Halmahera, Indonesia"
01 Desember 2022,13:04:02,-8.56,123.34,106,3.4,"Flores Region, Indonesia"
01 Desember 2022,12:59:18,-1.64,99.12,10,2.6,"Northern Sumatra, Indonesia"
01 Desember 2022,12:35:59,-0.37,98.4,10,3.7,"Northern Sumatra, Indonesia"
01 Desember 2022,12:35:12,-0.31,121.52,164,2.8,"Minahassa Peninsula, Sulawesi"
01 Desember 2022,12:26:35,-0.46,128.36,11,3.4,"Halmahera, Indonesia"
01 Desember 2022,12:23:14,-0.32,122.96,53,3.2,"Minahassa Peninsula, Sulawesi"
01 Desember 2022,12:11:28,-8.6,118.41,112,2.6,"Sumbawa Region, Indonesia"
01 Desember 2022,12:08:12,-5.93,103.53,10,2.9,"Southern Sumatra, Indonesia"
01 Desember 2022,11:54:56,-6.82,107.06,11,1.7,"Java, Indonesia"
01 Desember 2022,9:05:07,-6.7,107.12,10,2.4,"Java, Indonesia"
01 Desember 2022,8:58:49,-6.81,107.02,10,2.8,"Java, Indonesia"
01 Desember 2022,8:29:47,-4.77,100.9,14,5.1,"Southwest of Sumatra, Indonesia"
01 Desember 2022,7:50:27,-8.14,120.01,207,3.4,"Flores Region, Indonesia"
01 Desember 2022,7:44:19,-6.83,107.07,10,2.2,"Java, Indonesia"
01 Desember 2022,7:40:36,-0.22,98.55,10,3.6,"Southern Sumatra, Indonesia"
01 Desember 2022,7:29:20,-6.83,107.08,10,2.9,"Java, Indonesia"
01 Desember 2022,7:02:30,-0.56,123.79,10,2.8,"Minahassa Peninsula, Sulawesi"
01 Desember 2022,6:56:01,-4.43,125.88,380,4.6,Banda Sea
01 Desember 2022,6:54:13,-1.15,136.43,12,3.6,"Irian Jaya Region, Indonesia"
01 Desember 2022,6:19:18,-8.31,108.87,37,2.6,"Java, Indonesia"
01 Desember 2022,6:03:57,-10.38,123.74,13,3.5,Timor Region
01 Desember 2022,5:04:56,-8.8,111.68,67,3,"Java, Indonesia"
01 Desember 2022,5:04:31,-0.21,122.36,99,2.6,"Minahassa Peninsula, Sulawesi"
01 Desember 2022,4:03:19,-8.58,119.53,131,2.8,"Flores Region, Indonesia"
01 Desember 2022,3:53:53,-3.6,127,49,4.9,"Talaud Islands, Indonesia"
01 Desember 2022,3:41:09,-6.79,107.12,10,1.8,"Java, Indonesia"
01 Desember 2022,2:53:02,-4.15,103.02,84,3.1,"Southern Sumatra, Indonesia"
01 Desember 2022,2:51:23,-6.84,107.03,10,1.8,"Java, Indonesia"
01 Desember 2022,2:42:08,-6.83,107.02,10,2.1,"Java, Indonesia"
01 Desember 2022,2:15:37,-3.86,122.66,10,3.9,"Sulawesi, Indonesia"
01 Desember 2022,1:34:52,-0.17,123.65,108,3.2,"Minahassa Peninsula, Sulawesi"
01 Desember 2022,1:21:14,-0.03,122.91,164,2.9,"Minahassa Peninsula, Sulawesi"
01 Desember 2022,0:09:33,-2.04,100.68,39,4.2,"Southern Sumatra, Indonesia"
30 November 2022,22:30:38,-5.48,127.1,144,4.8,Philippine Islands Region
30 November 2022,22:03:51,-5.36,104.5,10,1.7,"Southern Sumatra, Indonesia"
30 November 2022,21:51:49,-1.06,120.81,10,3.4,"Minahassa Peninsula, Sulawesi"
30 November 2022,21:33:43,-6.85,107.18,22,1.3,"Java, Indonesia"
30 November 2022,20:25:53,-1.54,138.98,10,3.8,Near North Coast of Irian Jaya
30 November 2022,19:58:34,-6.84,107.07,16,1.7,"Java, Indonesia"
30 November 2022,19:50:54,-6.82,107.12,10,1.9,"Java, Indonesia"
30 November 2022,19:50:31,-6.8,107.08,10,2,"Java, Indonesia"
30 November 2022,19:40:53,-3.19,128.13,26,4.4,"North of Halmahera, Indonesia"
30 November 2022,19:37:57,-2.14,97.91,33,2.3,"Northern Sumatra, Indonesia"
30 November 2022,19:23:01,-0.37,123.03,84,3.7,"Minahassa Peninsula, Sulawesi"
30 November 2022,19:16:43,-6.85,107.08,10,2,"Java, Indonesia"
30 November 2022,17:55:02,-8.24,118.76,12,3.1,"Sumbawa Region, Indonesia"
30 November 2022,17:04:25,-6.85,107.08,10,1.7,"Java, Indonesia"
30 November 2022,16:41:30,-8.28,107.21,13,2.9,"Java, Indonesia"
30 November 2022,16:38:25,-2.86,128.26,10,3.1,"Halmahera, Indonesia"
30 November 2022,15:56:02,-6.81,107.1,25,1.9,"Java, Indonesia"
30 November 2022,15:46:04,-6.78,107.07,10,1.7,"Java, Indonesia"
30 November 2022,15:24:34,-6.84,107.09,10,2.8,"Java, Indonesia"
30 November 2022,14:37:50,-2.43,139.35,10,4.2,Near North Coast of Irian Jaya
30 November 2022,14:22:25,-5.68,103.71,10,2.8,"Southern Sumatra, Indonesia"
30 November 2022,14:20:39,-1.64,127.28,143,3.6,"Halmahera, Indonesia"
30 November 2022,14:13:34,-7.71,107.52,17,2.3,"Java, Indonesia"
30 November 2022,13:36:36,-2.41,139.36,11,4.3,Near North Coast of Irian Jaya
30 November 2022,13:30:11,-2.45,139.34,11,4.7,Near North Coast of Irian Jaya
30 November 2022,13:20:35,-1.78,100.12,14,3.2,"Southern Sumatra, Indonesia"
30 November 2022,13:15:22,-8.33,107.16,10,3.8,"Java, Indonesia"
30 November 2022,12:37:26,-7.52,106.75,36,2.1,"Java, Indonesia"
30 November 2022,12:29:52,-6.85,107.1,10,1.5,"Java, Indonesia"
30 November 2022,10:33:25,-6.84,107.08,10,2.8,"Java, Indonesia"
30 November 2022,9:16:23,-8.3,107.19,10,4.2,"Java, Indonesia"
30 November 2022,7:16:37,-7.56,106.9,92,2.4,"Java, Indonesia"
30 November 2022,6:12:28,-7.86,108.87,64,2.4,"Java, Indonesia"
30 November 2022,5:59:43,-5.8,104.71,10,2.8,"Southern Sumatra, Indonesia"
30 November 2022,5:36:16,-0.53,127.64,10,3.5,"Halmahera, Indonesia"
30 November 2022,4:39:13,-2.31,129.13,10,4.7,"Halmahera, Indonesia"
30 November 2022,4:01:44,-0.55,121.83,10,2.4,"Minahassa Peninsula, Sulawesi"
30 November 2022,3:36:01,-3.79,129.36,85,3.6,"Seram, Indonesia"
30 November 2022,3:07:31,-6.78,107.14,14,2.1,"Java, Indonesia"
30 November 2022,1:50:54,-6.87,107.17,13,1.5,"Java, Indonesia"
30 November 2022,1:18:16,-6.81,107.08,23,2.1,"Java, Indonesia"
30 November 2022,0:53:41,-6.82,107.08,12,3.5,"Java, Indonesia"
29 November 2022,23:58:17,-6.8,107.08,10,2.3,"Java, Indonesia"
29 November 2022,23:22:17,-6.83,107.08,12,2,"Java, Indonesia"
29 November 2022,22:51:26,-6.89,107.13,39,1.9,"Java, Indonesia"
29 November 2022,22:44:54,-10.88,113.64,37,3.8,"South of Java, Indonesia"
29 November 2022,22:07:30,-4.86,103.95,10,2.5,"Southern Sumatra, Indonesia"
29 November 2022,22:01:23,-5.49,103.8,25,2.9,"Southern Sumatra, Indonesia"
29 November 2022,21:42:08,-4.17,126.81,22,4,"Talaud Islands, Indonesia"
29 November 2022,21:29:33,-3.63,101.68,37,2.9,"Southern Sumatra, Indonesia"
29 November 2022,17:37:28,-7.13,105.79,11,2.7,"Java, Indonesia"
29 November 2022,16:19:25,-8.4,109.2,31,3.6,"Java, Indonesia"
29 November 2022,16:02:53,-7.29,107.39,15,2.6,"Java, Indonesia"
29 November 2022,15:13:26,-6.82,107.09,11,2.2,"Java, Indonesia"
29 November 2022,14:22:12,-6.78,107.06,10,1.9,"Java, Indonesia"
29 November 2022,14:20:42,-2.22,96.24,18,4.9,"Northern Sumatra, Indonesia"
29 November 2022,13:57:26,-6.85,107.1,10,2.7,"Java, Indonesia"
29 November 2022,13:49:01,-6.82,107.1,15,2,"Java, Indonesia"
29 November 2022,13:16:07,-6.76,107.12,21,1.7,"Java, Indonesia"
29 November 2022,12:39:10,-6.78,107.08,16,2.4,"Java, Indonesia"
29 November 2022,12:22:51,-2.83,130.04,11,3.5,"Seram, Indonesia"
29 November 2022,12:07:35,-6.83,107.08,10,2,"Java, Indonesia"
29 November 2022,11:18:15,-5.54,122.51,36,2.7,"Sulawesi, Indonesia"
29 November 2022,10:48:05,-6.87,107.15,14,1.4,"Java, Indonesia"
29 November 2022,10:28:03,-2.97,139.45,28,4.7,Near North Coast of Irian Jaya
29 November 2022,10:15:15,-0.09,123.86,109,3,"Minahassa Peninsula, Sulawesi"
29 November 2022,10:06:18,-0.12,124.13,77,3.1,"Minahassa Peninsula, Sulawesi"
29 November 2022,10:06:08,-7.98,107.91,27,2.2,"Java, Indonesia"
29 November 2022,9:58:23,-2.87,129.81,12,3.1,"Seram, Indonesia"
29 November 2022,9:05:37,-6.83,107.09,14,2,"Java, Indonesia"
29 November 2022,8:23:38,-6.83,107.08,13,1.6,"Java, Indonesia"
29 November 2022,6:51:56,-2.82,129.85,10,4.3,"Seram, Indonesia"
29 November 2022,6:10:08,-10.52,123.84,55,3.4,Timor Region
29 November 2022,5:54:16,-7.02,107,19,1.8,"Java, Indonesia"
29 November 2022,5:07:00,-6.44,129.21,195,4.5,Banda Sea
29 November 2022,3:43:25,-1.93,136.16,12,3.8,"Irian Jaya Region, Indonesia"
29 November 2022,3:32:07,-1.59,120.19,10,3.5,"Sulawesi, Indonesia"
29 November 2022,3:28:12,-0.71,99.75,57,3.2,"Southern Sumatra, Indonesia"
29 November 2022,3:27:10,-6.84,107.1,10,1.8,"Java, Indonesia"
29 November 2022,3:18:09,-4.01,121.8,10,3.1,"Sulawesi, Indonesia"
29 November 2022,2:53:40,-3.38,104.86,10,2.4,"Southern Sumatra, Indonesia"
29 November 2022,2:35:06,-6.8,107.11,10,2.1,"Java, Indonesia"
29 November 2022,2:07:59,-6.87,107.09,10,1.4,"Java, Indonesia"
29 November 2022,1:49:24,-8.67,111.38,92,4.2,"Java, Indonesia"
29 November 2022,1:22:25,-6.86,107.09,20,1.7,"Java, Indonesia"
29 November 2022,1:16:16,-6.78,107.03,11,2.2,"Java, Indonesia"
29 November 2022,1:06:18,-3.38,139.97,11,4,"Irian Jaya, Indonesia"
29 November 2022,1:06:13,-0.08,123.73,102,2.8,"Minahassa Peninsula, Sulawesi"
29 November 2022,0:17:26,-10.5,123.84,28,3.8,Timor Region
28 November 2022,23:42:21,-6.84,107.08,10,1.8,"Java, Indonesia"
28 November 2022,23:37:26,-4.21,125.99,132,4.5,"Talaud Islands, Indonesia"
28 November 2022,23:28:52,-6.93,107.03,29,1.8,"Java, Indonesia"
28 November 2022,23:14:55,-2.81,129.87,11,3.3,"Seram, Indonesia"
28 November 2022,22:54:17,-2.8,129.86,10,2.8,"Seram, Indonesia"
28 November 2022,22:43:28,-2.6,129.67,10,2.7,"Seram, Indonesia"
28 November 2022,22:26:44,-2.72,129.89,15,5.3,"Seram, Indonesia"
28 November 2022,21:24:49,-6.82,107.09,10,2,"Java, Indonesia"
28 November 2022,21:13:39,-0.68,127.78,10,3.5,"Halmahera, Indonesia"
28 November 2022,21:11:26,-9.23,118.96,58,2.9,"Sumbawa Region, Indonesia"
28 November 2022,21:04:16,-0.64,125.03,16,3.6,Northern Molucca Sea
28 November 2022,20:48:42,-2.8,129.82,10,3,"Seram, Indonesia"
28 November 2022,20:43:22,-2.04,98.99,119,2.3,"Northern Sumatra, Indonesia"
28 November 2022,20:40:39,-6.78,107.09,14,1.8,"Java, Indonesia"
28 November 2022,20:27:14,-6.83,107.08,10,1.6,"Java, Indonesia"
28 November 2022,20:10:15,-6.71,107.34,10,2.3,"Java, Indonesia"
28 November 2022,19:44:54,-7.04,106.56,10,1.5,"Java, Indonesia"
28 November 2022,19:30:30,-6.81,107.1,13,1.5,"Java, Indonesia"
28 November 2022,18:15:42,-8.3,121.62,10,3.4,"Flores Region, Indonesia"
28 November 2022,16:41:43,-3.28,140.05,32,4.2,"Irian Jaya, Indonesia"
28 November 2022,16:25:57,-4.77,100.8,24,3.6,"Southwest of Sumatra, Indonesia"
28 November 2022,16:23:22,-4.34,120.12,10,2.1,"Sulawesi, Indonesia"
28 November 2022,16:03:36,-6.84,107.09,10,1.8,"Java, Indonesia"
28 November 2022,15:20:36,-0.99,126.15,10,3.5,Northern Molucca Sea
28 November 2022,15:02:54,-6.79,107.09,11,2.1,"Java, Indonesia"
28 November 2022,14:46:26,-0.44,123.29,13,2.9,"Minahassa Peninsula, Sulawesi"
28 November 2022,14:42:05,-6.73,106.67,15,2.2,"Java, Indonesia"
28 November 2022,14:18:51,-0.28,122.89,68,2.5,"Minahassa Peninsula, Sulawesi"
28 November 2022,14:13:33,-6.86,107.04,19,1.7,"Java, Indonesia"
28 November 2022,13:48:48,-8.35,116.8,10,4.2,"Sumbawa Region, Indonesia"
28 November 2022,13:30:28,-6.8,107.04,30,1.7,"Java, Indonesia"
28 November 2022,13:26:52,-8.81,123.88,78,3.2,"Flores Region, Indonesia"
28 November 2022,13:21:28,-6.75,107.05,18,2.2,"Java, Indonesia"
28 November 2022,13:01:50,-3.16,130.91,16,4.1,"Seram, Indonesia"
28 November 2022,12:38:34,-6.86,107.21,16,1.9,"Java, Indonesia"
28 November 2022,12:08:23,-6.86,106.99,16,1.9,"Java, Indonesia"
28 November 2022,11:38:44,-6.86,107.07,12,1.8,"Java, Indonesia"
28 November 2022,11:08:51,-6.79,107.05,10,2.9,"Java, Indonesia"
28 November 2022,10:06:40,-6.8,105.51,15,2.9,"Sunda Strait, Indonesia"
28 November 2022,9:54:39,-2.8,127.98,10,3.3,Ceram Sea
28 November 2022,9:05:09,-6.84,107.08,10,3.4,"Java, Indonesia"
28 November 2022,8:16:21,-6.74,107.17,10,2.3,"Java, Indonesia"
28 November 2022,7:06:35,-0.16,122.42,149,2.8,"Minahassa Peninsula, Sulawesi"
28 November 2022,6:59:37,-5.36,102.41,22,4.2,"Southern Sumatra, Indonesia"
28 November 2022,6:21:53,-9.64,117.9,10,4.4,"Sumbawa Region, Indonesia"
28 November 2022,5:56:08,-1.57,99.16,10,2.3,"Northern Sumatra, Indonesia"
28 November 2022,5:30:32,-2.11,97.44,10,2.8,"Northern Sumatra, Indonesia"
28 November 2022,5:28:50,-6.82,107.06,10,2.3,"Java, Indonesia"
28 November 2022,4:57:51,-6.83,107.08,19,2,"Java, Indonesia"
28 November 2022,4:51:35,-6.74,107.09,15,2.5,"Java, Indonesia"
28 November 2022,4:41:49,-8.35,119.81,157,3.4,"Flores Region, Indonesia"
28 November 2022,4:33:27,-9.63,117.89,19,2.8,"Sumbawa Region, Indonesia"
28 November 2022,4:07:41,-8.31,107.84,21,3,"Java, Indonesia"
28 November 2022,3:41:14,-6.87,107.07,16,1.7,"Java, Indonesia"
28 November 2022,3:31:25,-3.56,128.74,11,2.5,"Seram, Indonesia"
28 November 2022,2:53:47,-0.23,126.72,25,3.3,Northern Molucca Sea
28 November 2022,1:27:09,-6.81,107.08,10,3,"Java, Indonesia"
28 November 2022,1:23:18,-8.22,118.78,10,3.7,"Sumbawa Region, Indonesia"
28 November 2022,0:47:51,-1.79,135.72,10,3.5,"Irian Jaya Region, Indonesia"
28 November 2022,0:28:36,-6.6,107.24,13,2.1,"Java, Indonesia"
27 November 2022,23:39:46,-8.18,115.38,200,3.2,"Bali Region, Indonesia"
27 November 2022,22:25:18,-6.77,107.17,10,1.5,"Java, Indonesia"
27 November 2022,21:44:20,-0.36,125.24,26,3.1,Northern Molucca Sea
27 November 2022,21:41:37,-2.14,97.84,30,2.7,"Northern Sumatra, Indonesia"
27 November 2022,21:10:34,-6.41,103.67,12,2.9,"Southwest of Sumatra, Indonesia"
27 November 2022,20:47:43,-6.7,107.11,10,1.7,"Java, Indonesia"
27 November 2022,19:41:18,-2.09,100.2,10,2.8,"Southern Sumatra, Indonesia"
27 November 2022,18:58:53,-6.97,106.26,12,2.1,"Java, Indonesia"
27 November 2022,18:37:06,-7,106.25,14,2.1,"Java, Indonesia"
27 November 2022,17:35:57,-6.46,104.2,42,2.9,"Sunda Strait, Indonesia"
27 November 2022,17:10:37,-8.2,118.56,13,2.9,"Sumbawa Region, Indonesia"
27 November 2022,17:02:09,-6.88,107.05,32,1.7,"Java, Indonesia"
27 November 2022,16:47:42,-2.98,128.38,210,3.4,"Halmahera, Indonesia"
27 November 2022,16:41:02,-6.77,107.18,20,1.6,"Java, Indonesia"
27 November 2022,16:23:49,-2.69,128.01,137,4,"Halmahera, Indonesia"
27 November 2022,16:16:18,-6.85,107.09,10,1.7,"Java, Indonesia"
27 November 2022,16:03:54,-7.26,107.43,123,2.3,"Java, Indonesia"
27 November 2022,15:58:31,-6.79,107.05,12,1.4,"Java, Indonesia"
27 November 2022,15:54:33,-8.96,110.64,62,3.1,"Java, Indonesia"
27 November 2022,15:51:33,-4.25,102.09,39,3.7,"Southern Sumatra, Indonesia"
27 November 2022,15:32:24,-7.89,117.56,17,2.5,Bali Sea
27 November 2022,14:57:48,-4.65,134.14,101,3.5,"Irian Jaya Region, Indonesia"
27 November 2022,14:55:29,-6.78,107.32,14,1.9,"Java, Indonesia"
27 November 2022,13:41:24,-8.06,118.02,172,2.6,"Sumbawa Region, Indonesia"
27 November 2022,13:37:47,-6.72,107.1,15,1.6,"Java, Indonesia"
27 November 2022,12:45:42,-2.56,125.6,162,3.6,"Talaud Islands, Indonesia"
27 November 2022,12:10:59,-6.89,107.16,40,1.2,"Java, Indonesia"
27 November 2022,11:54:44,-3.36,128.4,10,2.2,"Seram, Indonesia"
27 November 2022,11:38:22,-6.85,107.07,20,1.8,"Java, Indonesia"
27 November 2022,11:37:30,-1.58,100.04,29,4.5,"Southern Sumatra, Indonesia"
27 November 2022,11:24:11,-6.81,107.09,10,2.4,"Java, Indonesia"
27 November 2022,11:18:37,-2.83,126.86,10,3.3,Ceram Sea
27 November 2022,10:59:14,-7.06,107.26,29,1.7,"Java, Indonesia"
27 November 2022,10:56:06,-8.11,107.9,24,2.3,"Java, Indonesia"
27 November 2022,10:37:00,-1.15,122.76,138,2.1,"Minahassa Peninsula, Sulawesi"
27 November 2022,9:32:38,-7.65,127.82,145,4.6,Banda Sea
27 November 2022,9:29:23,-0.28,122.18,140,2.7,"Minahassa Peninsula, Sulawesi"
27 November 2022,8:25:00,-6.9,107.2,26,1.6,"Java, Indonesia"
27 November 2022,7:23:05,-6.8,107.08,16,2,"Java, Indonesia"
27 November 2022,6:55:45,-6.77,107.09,11,2.2,"Java, Indonesia"
27 November 2022,6:53:08,-6.85,107.1,15,1.7,"Java, Indonesia"
27 November 2022,6:12:07,-9.22,109.8,18,3.3,"South of Java, Indonesia"
27 November 2022,6:01:56,-0.96,120.24,10,3.1,"Minahassa Peninsula, Sulawesi"
27 November 2022,5:43:30,-0.14,124.33,45,3.1,"Minahassa Peninsula, Sulawesi"
27 November 2022,4:21:21,-6.72,107.07,21,1.8,"Java, Indonesia"
27 November 2022,3:14:25,-6.24,102.72,45,3.6,"Southwest of Sumatra, Indonesia"
27 November 2022,3:04:28,-5.53,130.95,118,3.3,Banda Sea
27 November 2022,2:56:52,-6.9,107.12,28,2,"Java, Indonesia"
27 November 2022,2:26:51,-8.64,116.26,92,2.9,"Sumbawa Region, Indonesia"
27 November 2022,2:10:56,-8.23,108.23,55,4.2,"Java, Indonesia"
27 November 2022,1:58:04,-2.07,126.15,18,3.1,Northern Molucca Sea
27 November 2022,0:45:26,-1.94,96.51,39,4,Off West Coast of Northern Sumatra
27 November 2022,0:21:31,-6.91,106.79,10,3.6,"Java, Indonesia"
26 November 2022,23:47:18,-6.84,107.09,10,1.8,"Java, Indonesia"
26 November 2022,23:41:12,-7.1,107.01,96,2.4,"Java, Indonesia"
26 November 2022,23:18:29,-6.79,107.08,10,2.8,"Java, Indonesia"
26 November 2022,23:11:59,-6.68,107.32,11,2.4,"Java, Indonesia"
26 November 2022,22:51:31,-6.81,107.08,11,1.8,"Java, Indonesia"
26 November 2022,22:39:21,-5.81,130.64,124,4.9,Banda Sea
26 November 2022,21:55:54,-8.05,107.91,34,2.8,"Java, Indonesia"
26 November 2022,21:43:42,-3.92,125.86,141,4,"Talaud Islands, Indonesia"
26 November 2022,21:20:02,-6.83,107.08,10,2.4,"Java, Indonesia"
26 November 2022,21:07:56,-4.75,129.96,172,3.9,Banda Sea
26 November 2022,20:45:13,-0.49,123.26,10,2.9,"Minahassa Peninsula, Sulawesi"
26 November 2022,20:44:12,-0.47,123.22,15,2.6,"Minahassa Peninsula, Sulawesi"
26 November 2022,19:31:54,-1.67,136.34,11,4.1,"Irian Jaya Region, Indonesia"
26 November 2022,19:23:35,-6.83,107.13,21,1.7,"Java, Indonesia"
26 November 2022,18:23:20,-6.87,107.07,11,2.2,"Java, Indonesia"
26 November 2022,18:17:51,-6.83,107.08,10,2.3,"Java, Indonesia"
26 November 2022,17:36:07,-8.4,117.58,10,2.4,"Sumbawa Region, Indonesia"
26 November 2022,17:20:28,-4.83,102.99,45,2.6,"Southern Sumatra, Indonesia"
26 November 2022,17:15:48,-6.77,107.06,11,2,"Java, Indonesia"
26 November 2022,16:20:44,-3.09,130.57,10,3,"Seram, Indonesia"
26 November 2022,14:34:10,-6.83,107.14,10,1.6,"Java, Indonesia"
26 November 2022,14:07:38,-0.45,123.22,11,3,"Minahassa Peninsula, Sulawesi"
26 November 2022,14:03:09,-6.89,107.24,12,1.7,"Java, Indonesia"
26 November 2022,14:01:36,-6.84,107.09,10,2.1,"Java, Indonesia"
26 November 2022,13:45:39,-0.46,123.28,14,3.3,"Minahassa Peninsula, Sulawesi"
26 November 2022,13:17:20,-0.45,123.23,14,3.4,"Minahassa Peninsula, Sulawesi"
26 November 2022,13:09:59,-3.06,130.61,10,3.1,"Seram, Indonesia"
26 November 2022,12:48:17,-8.33,121.86,183,3.7,"Flores Region, Indonesia"
26 November 2022,12:44:58,-6.75,107.1,10,2.8,"Java, Indonesia"
26 November 2022,12:44:11,-6.8,107.06,10,3.3,"Java, Indonesia"
26 November 2022,11:43:37,-6.85,105.58,10,4.1,"Sunda Strait, Indonesia"
26 November 2022,11:40:02,-3.15,97.26,10,4,"Northern Sumatra, Indonesia"
26 November 2022,11:14:46,-0.94,127.47,10,3.8,"Halmahera, Indonesia"
26 November 2022,10:56:30,-4.77,122,10,3.1,"Sulawesi, Indonesia"
26 November 2022,10:08:40,-6.88,107.13,22,1.7,"Java, Indonesia"
26 November 2022,9:59:39,-3.01,130.59,10,4.4,"Seram, Indonesia"
26 November 2022,9:43:57,-3,130.57,10,4,"Seram, Indonesia"
26 November 2022,8:36:26,-6.83,107.06,10,1.7,"Java, Indonesia"
26 November 2022,7:48:25,-6.78,107.13,20,1.8,"Java, Indonesia"
26 November 2022,7:33:41,-8.62,116.31,88,2.7,"Sumbawa Region, Indonesia"
26 November 2022,7:16:08,-6.78,107.1,10,2.4,"Java, Indonesia"
26 November 2022,7:00:29,-1.59,120.19,10,2.7,"Sulawesi, Indonesia"
26 November 2022,5:35:55,-6.81,107.06,10,2,"Java, Indonesia"
26 November 2022,4:48:23,-2.99,97.31,11,3.3,"Northern Sumatra, Indonesia"
26 November 2022,4:37:33,-7.12,129.73,153,4.2,Banda Sea
26 November 2022,4:12:52,-3.87,118.81,29,2.7,"Sulawesi, Indonesia"
26 November 2022,3:04:34,-6.81,107.05,10,1.9,"Java, Indonesia"
26 November 2022,3:03:51,-2.38,98.11,45,2.3,"Northern Sumatra, Indonesia"
26 November 2022,2:38:59,-9.11,118.17,10,2.7,"Sumbawa Region, Indonesia"
26 November 2022,2:25:28,-2.02,126.6,10,4,Northern Molucca Sea
26 November 2022,2:22:21,-2.68,127.78,25,3.7,Northern Molucca Sea
26 November 2022,2:03:08,-0.27,122.88,14,2.5,"Minahassa Peninsula, Sulawesi"
26 November 2022,0:10:53,-2.36,101.94,179,4.6,"Southern Sumatra, Indonesia"
25 November 2022,23:04:34,-5.11,104.62,99,3.7,"Southern Sumatra, Indonesia"
25 November 2022,23:03:49,-2.51,121.21,10,1.4,"Sulawesi, Indonesia"
25 November 2022,22:25:03,-2.5,121.21,10,2.9,"Sulawesi, Indonesia"
25 November 2022,22:03:27,-8.6,119.55,121,3,"Flores Region, Indonesia"
25 November 2022,21:05:02,-8.73,116.6,12,2.4,"Sumbawa Region, Indonesia"
25 November 2022,20:28:48,-7.77,127.7,134,4.3,Banda Sea
25 November 2022,20:15:29,-4.73,96.2,10,2.5,"Northern Sumatra, Indonesia"
25 November 2022,20:12:51,-1.82,127.43,119,3.4,"Halmahera, Indonesia"
25 November 2022,20:07:30,-6.83,107.09,10,1.7,"Java, Indonesia"
25 November 2022,19:37:20,-6.85,107.1,10,1.5,"Java, Indonesia"
25 November 2022,19:22:26,-6.86,107.08,10,2.7,"Java, Indonesia"
25 November 2022,19:14:31,-6.81,107.1,40,1.6,"Java, Indonesia"
25 November 2022,19:06:06,-6.79,107.09,57,1.2,"Java, Indonesia"
25 November 2022,18:59:31,-0.76,122.06,34,2.5,"Minahassa Peninsula, Sulawesi"
25 November 2022,18:55:08,-7.94,106.85,13,2.7,"Java, Indonesia"
25 November 2022,18:51:04,-8,106.85,26,3.1,"Java, Indonesia"
25 November 2022,18:29:31,-0.13,123.32,113,3.8,"Minahassa Peninsula, Sulawesi"
25 November 2022,18:24:40,-6.76,107.04,46,1.8,"Java, Indonesia"
25 November 2022,18:04:49,-6.79,107.07,45,1.7,"Java, Indonesia"
25 November 2022,16:43:58,-9.18,118.72,49,2.9,"Sumbawa Region, Indonesia"
25 November 2022,16:42:06,-2.56,127.17,19,3,Ceram Sea
25 November 2022,16:31:09,-1.25,126.15,19,3.3,Northern Molucca Sea
25 November 2022,15:13:43,-1.59,126.62,13,3.6,Northern Molucca Sea
25 November 2022,15:11:49,-1.73,127.3,31,3.1,"Halmahera, Indonesia"
25 November 2022,14:48:48,-0.28,122.26,153,3,"Minahassa Peninsula, Sulawesi"
25 November 2022,14:09:25,-6.83,107.05,35,1.8,"Java, Indonesia"
25 November 2022,14:04:53,-6.28,105.71,148,3.7,"Sunda Strait, Indonesia"
25 November 2022,13:25:31,-2.94,101.02,17,4.3,"Southern Sumatra, Indonesia"
25 November 2022,13:15:16,-0.41,99.11,16,2.6,"Southern Sumatra, Indonesia"
25 November 2022,12:51:59,-2.16,139.91,10,2.8,Near North Coast of Irian Jaya
25 November 2022,12:03:10,-6.65,107.1,10,1.6,"Java, Indonesia"
25 November 2022,11:39:59,-6.85,107.07,25,1.7,"Java, Indonesia"
25 November 2022,11:27:38,-6.85,107.1,10,2.4,"Java, Indonesia"
25 November 2022,11:16:06,-9.3,109.87,10,3.5,"South of Java, Indonesia"
25 November 2022,9:57:39,-6.86,106.96,10,1.3,"Java, Indonesia"
25 November 2022,9:53:31,-6.8,107.02,19,1.4,"Java, Indonesia"
25 November 2022,7:09:34,-6.82,107.09,10,1.4,"Java, Indonesia"
25 November 2022,6:24:37,-3.37,128.83,10,2.9,"Seram, Indonesia"
25 November 2022,6:11:51,-8.11,107.89,24,3.1,"Java, Indonesia"
25 November 2022,6:06:59,-2.34,140.08,10,3.6,Near North Coast of Irian Jaya
25 November 2022,6:02:39,-5.21,102.98,19,2.9,"Southern Sumatra, Indonesia"
25 November 2022,5:57:25,-6.91,107.31,10,1.4,"Java, Indonesia"
25 November 2022,5:53:27,-6.91,107.15,10,1.4,"Java, Indonesia"
25 November 2022,4:38:59,-6.88,107.04,34,1.4,"Java, Indonesia"
25 November 2022,4:23:10,-8.86,116.82,10,2.1,"Sumbawa Region, Indonesia"
25 November 2022,3:45:41,-8.48,123.49,136,3.5,"Flores Region, Indonesia"
25 November 2022,3:27:02,-6.84,107.09,45,1.5,"Java, Indonesia"
25 November 2022,3:11:25,-3.18,98.15,77,2,"Northern Sumatra, Indonesia"
25 November 2022,2:49:53,-1.67,127.3,77,3.5,"Halmahera, Indonesia"
25 November 2022,2:40:51,-4.19,96.01,51,2.6,"Northern Sumatra, Indonesia"
25 November 2022,2:36:54,-1.4,127.06,89,3.5,"Halmahera, Indonesia"
25 November 2022,2:35:18,-6.46,104.13,19,3.8,"Sunda Strait, Indonesia"
25 November 2022,1:33:30,-6.88,107.03,30,1.5,"Java, Indonesia"
24 November 2022,23:31:33,-9.45,115.7,31,3.3,"South of Bali, Indonesia"
24 November 2022,21:34:23,-8.12,118.51,168,2.9,"Sumbawa Region, Indonesia"
24 November 2022,21:29:34,-6.85,107.09,10,1.9,"Java, Indonesia"
24 November 2022,21:20:36,-6.85,107.09,10,1.9,"Java, Indonesia"
24 November 2022,21:08:47,-8.17,115.98,251,3.2,"Bali Region, Indonesia"
24 November 2022,21:05:45,-6.84,107.05,10,3.1,"Java, Indonesia"
24 November 2022,20:58:24,-6.86,107.06,10,3.2,"Java, Indonesia"
24 November 2022,20:53:16,-5.47,102.95,35,3.2,"Southern Sumatra, Indonesia"
24 November 2022,20:51:00,-6.86,107.07,10,3.4,"Java, Indonesia"
24 November 2022,20:36:32,-4.05,122.67,10,2.8,"Sulawesi, Indonesia"
24 November 2022,20:26:58,-2.32,128.82,10,3.4,"Halmahera, Indonesia"
24 November 2022,20:21:36,-6.84,107.07,10,2.9,"Java, Indonesia"
24 November 2022,20:04:36,-6.98,107.06,10,3.2,"Java, Indonesia"
24 November 2022,19:58:13,-6.84,107.09,10,1.9,"Java, Indonesia"
24 November 2022,19:39:03,-2.72,125.77,95,4.1,"Talaud Islands, Indonesia"
24 November 2022,19:35:08,-2.88,127.17,10,3.3,Ceram Sea
24 November 2022,19:19:12,-6.87,107.13,18,1.4,"Java, Indonesia"
24 November 2022,18:58:19,-6.88,107.15,15,1.2,"Java, Indonesia"
24 November 2022,18:44:16,-6.86,107.05,10,4.2,"Java, Indonesia"
24 November 2022,18:42:52,-6.87,107.05,10,3.1,"Java, Indonesia"
24 November 2022,18:35:39,-6.8,107.09,10,2.1,"Java, Indonesia"
24 November 2022,18:31:00,-6.81,107.09,10,1.9,"Java, Indonesia"
24 November 2022,18:04:55,-0.44,119.89,10,3.1,"Minahassa Peninsula, Sulawesi"
24 November 2022,18:02:32,-6.85,107.09,10,1.4,"Java, Indonesia"
24 November 2022,17:53:35,-6.85,107.05,11,2.2,"Java, Indonesia"
24 November 2022,16:10:04,-6.84,107.1,10,1.8,"Java, Indonesia"
24 November 2022,14:37:00,-4.45,102.66,41,2.9,"Southern Sumatra, Indonesia"
24 November 2022,14:09:39,-3.05,139.66,10,3.3,"Irian Jaya, Indonesia"
24 November 2022,14:04:26,-6.78,107.1,10,2.6,"Java, Indonesia"
24 November 2022,13:21:17,-0.03,123.23,146,4.1,"Minahassa Peninsula, Sulawesi"
24 November 2022,12:57:37,-3.75,129.44,93,4.5,"Seram, Indonesia"
24 November 2022,11:07:56,-8.24,122.85,10,2.4,"Flores Region, Indonesia"
24 November 2022,10:05:26,-6.77,107.08,15,2.3,"Java, Indonesia"
24 November 2022,9:13:05,-6.79,107.09,16,1.8,"Java, Indonesia"
24 November 2022,8:32:28,-6.83,107.13,21,1.9,"Java, Indonesia"
24 November 2022,8:26:18,-6.82,107.11,13,1.7,"Java, Indonesia"
24 November 2022,8:03:35,-2.63,121.84,10,3.3,"Sulawesi, Indonesia"
24 November 2022,7:24:29,-6.82,107.1,11,2.1,"Java, Indonesia"
24 November 2022,6:39:58,-6.83,107.1,17,2.2,"Java, Indonesia"
24 November 2022,6:39:21,-2.58,121.84,10,3.6,"Sulawesi, Indonesia"
24 November 2022,6:08:57,-0,123.42,30,3.4,"Minahassa Peninsula, Sulawesi"
24 November 2022,5:49:15,-9.32,109.78,10,3.9,"South of Java, Indonesia"
24 November 2022,5:05:19,-3.73,128.46,15,2.7,"Seram, Indonesia"
24 November 2022,4:56:01,-3.74,128.48,14,3.4,"Seram, Indonesia"
24 November 2022,4:51:32,-3.77,128.5,10,4.1,"Seram, Indonesia"
24 November 2022,3:04:40,-6.83,107.07,26,2.2,"Java, Indonesia"
24 November 2022,2:23:29,-6.94,107.31,31,1.9,"Java, Indonesia"
24 November 2022,2:11:28,-4.28,100.39,39,5.1,"Southwest of Sumatra, Indonesia"
24 November 2022,2:00:07,-6.85,107.12,29,2,"Java, Indonesia"
24 November 2022,1:33:43,-8.87,112.46,38,3.5,"Java, Indonesia"
23 November 2022,23:11:26,-6.8,107.06,19,1.8,"Java, Indonesia"
23 November 2022,22:55:25,-9.4,114.04,30,3.6,"South of Bali, Indonesia"
23 November 2022,22:54:18,-9.42,114.05,34,3.8,"South of Bali, Indonesia"
23 November 2022,22:33:09,-0.37,121.14,53,2.7,"Minahassa Peninsula, Sulawesi"
23 November 2022,21:50:15,-6.84,107.11,12,2.2,"Java, Indonesia"
23 November 2022,21:48:18,-6.77,107.14,21,2.2,"Java, Indonesia"
23 November 2022,21:20:55,-6.81,107.09,11,2.1,"Java, Indonesia"
23 November 2022,20:45:59,-6.84,107.06,18,2,"Java, Indonesia"
23 November 2022,20:44:26,-3.46,140.41,15,3.2,"Irian Jaya, Indonesia"
23 November 2022,20:04:02,-3,128.48,210,4,"North of Halmahera, Indonesia"
23 November 2022,19:59:30,-6.85,107.07,10,2.2,"Java, Indonesia"
23 November 2022,19:34:43,-6.84,107.09,10,2.4,"Java, Indonesia"
23 November 2022,19:00:23,-6.34,130.24,145,4.1,Banda Sea
23 November 2022,18:41:04,-6.83,107.1,14,1.8,"Java, Indonesia"
23 November 2022,18:38:36,-6.81,107.1,10,2.2,"Java, Indonesia"
23 November 2022,18:36:58,-2.01,129.33,24,4,"Halmahera, Indonesia"
23 November 2022,18:30:09,-6.8,107.1,10,2.2,"Java, Indonesia"
23 November 2022,18:26:48,-6.83,107.1,10,2,"Java, Indonesia"
23 November 2022,17:58:09,-10.45,123.83,14,3.4,Timor Region
23 November 2022,16:56:13,-6.77,107.09,11,2.2,"Java, Indonesia"
23 November 2022,16:28:33,-4.93,134.07,11,4.2,"Irian Jaya Region, Indonesia"
23 November 2022,15:44:04,-6.79,107.09,13,2.5,"Java, Indonesia"
23 November 2022,15:30:49,-9.15,109.92,21,4,"South of Java, Indonesia"
23 November 2022,15:04:44,-7.83,118.53,19,3.3,Flores Sea
23 November 2022,15:02:25,-9.08,109.87,33,4.5,"South of Java, Indonesia"
23 November 2022,14:49:06,-6.79,107.1,12,2.4,"Java, Indonesia"
23 November 2022,14:22:27,-0.29,132.32,14,4.2,"Irian Jaya Region, Indonesia"
23 November 2022,13:27:28,-9.18,109.88,10,4.8,"South of Java, Indonesia"
23 November 2022,13:11:12,-1.95,138.26,20,3.7,Near North Coast of Irian Jaya
23 November 2022,12:35:14,-5.34,130.13,196,3.7,Banda Sea
23 November 2022,12:29:24,-8.76,111.41,10,3.6,"Java, Indonesia"
23 November 2022,12:25:36,-6.83,107.08,13,2.1,"Java, Indonesia"
23 November 2022,11:49:44,-6.83,107.05,10,3.5,"Java, Indonesia"
23 November 2022,11:22:55,-6.78,107.1,10,1.6,"Java, Indonesia"
23 November 2022,10:54:11,-6.73,106.71,10,3.1,"Java, Indonesia"
23 November 2022,10:45:00,-7.77,113.6,10,4.2,"Java, Indonesia"
23 November 2022,9:54:57,-2.27,129.19,10,4.6,"Halmahera, Indonesia"
23 November 2022,8:52:40,-0.95,122.98,11,3.1,"Minahassa Peninsula, Sulawesi"
23 November 2022,8:38:17,-6.81,107.08,10,2.5,"Java, Indonesia"
23 November 2022,8:17:34,-6.84,107.08,19,2,"Java, Indonesia"
23 November 2022,5:34:28,-10.36,123.82,12,3.3,Timor Region
23 November 2022,5:08:30,-6.83,107.11,10,2.8,"Java, Indonesia"
23 November 2022,4:53:41,-1.16,127.32,12,2.8,"Halmahera, Indonesia"
23 November 2022,4:49:52,-0.9,121.66,10,2.9,"Minahassa Peninsula, Sulawesi"
23 November 2022,4:41:43,-6.83,107.07,5,3.9,"Java, Indonesia"
23 November 2022,3:54:25,-9.69,120.08,40,2.9,"Sumba Region, Indonesia"
23 November 2022,2:17:08,-2.33,129.12,22,4.2,"Halmahera, Indonesia"
23 November 2022,1:28:49,-10.3,123.8,12,3.1,Timor Region
23 November 2022,0:07:19,-0.97,122.47,12,1.7,"Minahassa Peninsula, Sulawesi"
23 November 2022,0:05:30,-0.49,123.26,17,2.8,"Minahassa Peninsula, Sulawesi"
22 November 2022,22:58:26,-2.43,99.02,144,3.1,"Northern Sumatra, Indonesia"
22 November 2022,22:52:13,-1.98,127.05,103,3.3,"Halmahera, Indonesia"
22 November 2022,22:46:58,-8.32,115.93,16,3.5,"Bali Region, Indonesia"
22 November 2022,22:11:31,-0.31,122.4,145,2.8,"Minahassa Peninsula, Sulawesi"
22 November 2022,22:05:04,-0.97,131.39,13,2.7,"Irian Jaya Region, Indonesia"
22 November 2022,20:27:04,-6.85,107.08,10,2.6,"Java, Indonesia"
22 November 2022,20:19:58,-6.83,107.1,10,2.3,"Java, Indonesia"
22 November 2022,20:15:53,-8.8,119.51,10,3.1,"Flores Region, Indonesia"
22 November 2022,19:53:54,-3.52,128.2,93,4.1,"Seram, Indonesia"
22 November 2022,19:08:27,-6.85,107.06,10,2.8,"Java, Indonesia"
22 November 2022,18:54:27,-8.74,112.72,112,3.5,"Java, Indonesia"
22 November 2022,16:24:46,-5.53,131.03,98,5.3,Banda Sea
22 November 2022,14:54:04,-7.89,107.04,16,4.2,"Java, Indonesia"
22 November 2022,14:48:53,-2.48,120.97,10,2.6,"Sulawesi, Indonesia"
22 November 2022,13:35:43,-0.06,126.73,25,3.1,Northern Molucca Sea
22 November 2022,12:50:41,-10.14,123.81,10,3.3,Timor Region
22 November 2022,12:22:27,-6.86,107.09,10,2.4,"Java, Indonesia"
22 November 2022,11:39:37,-6.86,107.09,10,2.9,"Java, Indonesia"
22 November 2022,11:09:19,-1.85,128.55,65,3.7,"Halmahera, Indonesia"
22 November 2022,11:04:05,-10.36,123.79,12,2.9,Timor Region
22 November 2022,10:44:57,-6.77,107.15,10,2.5,"Java, Indonesia"
22 November 2022,10:33:11,-6.81,107.07,10,2.8,"Java, Indonesia"
22 November 2022,9:14:04,-10.32,123.78,10,3.6,Timor Region
22 November 2022,8:35:08,-3.32,135.36,24,3.7,"Irian Jaya Region, Indonesia"
22 November 2022,7:53:10,-0.6,122.21,10,3.1,"Minahassa Peninsula, Sulawesi"
22 November 2022,7:52:45,-6.8,107.11,10,2.4,"Java, Indonesia"
22 November 2022,7:20:24,-6.81,107.09,10,2.7,"Java, Indonesia"
22 November 2022,6:09:34,-2.85,128.37,203,4,"Halmahera, Indonesia"
22 November 2022,5:13:03,-4.94,127.37,121,5,"Talaud Islands, Indonesia"
22 November 2022,4:12:52,-6.83,107.1,10,2.5,"Java, Indonesia"
22 November 2022,3:58:52,-6.8,107.1,10,2.5,"Java, Indonesia"
22 November 2022,2:39:08,-2.88,122.3,10,4,"Sulawesi, Indonesia"
22 November 2022,0:58:22,-6.84,107.07,12,2.4,"Java, Indonesia"
22 November 2022,0:36:45,-6.84,107.08,10,3.4,"Java, Indonesia"
22 November 2022,0:15:31,-8.36,119.56,174,3.5,"Flores Region, Indonesia"
22 November 2022,0:02:39,-6.84,107.06,13,2,"Java, Indonesia"
21 November 2022,23:46:46,-6.85,107.15,18,2,"Java, Indonesia"
21 November 2022,21:38:06,-3.76,125.97,51,3.7,"Talaud Islands, Indonesia"
21 November 2022,21:29:18,-6.8,107.12,10,2.1,"Java, Indonesia"
21 November 2022,20:49:39,-6.84,107.08,10,2.2,"Java, Indonesia"
21 November 2022,20:46:03,-1.26,99.43,10,2,"Northern Sumatra, Indonesia"
21 November 2022,20:25:49,-6.83,107.12,17,2,"Java, Indonesia"
21 November 2022,20:01:41,-6.68,130.13,145,3.4,Banda Sea
21 November 2022,19:57:30,-6.79,107.14,18,2.2,"Java, Indonesia"
21 November 2022,19:39:50,-3.61,128.49,10,1.8,"Seram, Indonesia"
21 November 2022,19:24:42,-2.84,127.99,13,2.4,Ceram Sea
21 November 2022,18:32:18,-6.8,107.1,10,2.7,"Java, Indonesia"
21 November 2022,18:10:45,-4.54,130.35,115,4.6,Banda Sea
21 November 2022,18:00:47,-8.85,113.47,10,3.5,"Java, Indonesia"
21 November 2022,17:53:11,-7.9,107.23,33,2.7,"Java, Indonesia"
21 November 2022,17:34:02,-6.86,107.09,17,2.2,"Java, Indonesia"
21 November 2022,17:17:15,-6.85,107.08,10,2.2,"Java, Indonesia"
21 November 2022,17:12:53,-6.84,107.09,10,2.4,"Java, Indonesia"
21 November 2022,15:48:07,-1.69,136,16,2.9,"Irian Jaya Region, Indonesia"
21 November 2022,15:16:17,-2.05,98.98,10,2.5,"Northern Sumatra, Indonesia"
21 November 2022,15:09:23,-3.45,127.24,45,4.1,"Seram, Indonesia"
21 November 2022,14:46:17,-6.82,107.15,10,2.4,"Java, Indonesia"
21 November 2022,14:16:27,-1.72,135.94,10,4.8,"Irian Jaya Region, Indonesia"
21 November 2022,14:14:27,-7.03,106,76,3.1,"Java, Indonesia"
21 November 2022,14:07:19,-6.82,107.09,10,2.3,"Java, Indonesia"
21 November 2022,13:50:46,-4.81,96.16,12,2.3,"Northern Sumatra, Indonesia"
21 November 2022,13:48:33,-6.85,107.08,10,3,"Java, Indonesia"
21 November 2022,13:42:59,-6.84,107.15,10,2.6,"Java, Indonesia"
21 November 2022,13:35:34,-6.79,107.14,10,2.4,"Java, Indonesia"
21 November 2022,13:25:51,-6.81,107.1,10,2.4,"Java, Indonesia"
21 November 2022,13:19:29,-6.8,107.1,10,2.8,"Java, Indonesia"
21 November 2022,13:17:26,-6.8,107.11,10,2.2,"Java, Indonesia"
21 November 2022,13:14:36,-6.84,107.1,10,2.2,"Java, Indonesia"
21 November 2022,13:13:41,-8.3,116.47,10,2.7,"Sumbawa Region, Indonesia"
21 November 2022,13:07:56,-6.82,107.12,10,3.1,"Java, Indonesia"
21 November 2022,13:06:18,-6.83,107.08,10,2.4,"Java, Indonesia"
21 November 2022,12:56:00,-6.82,107.09,10,2.5,"Java, Indonesia"
21 November 2022,12:54:30,-6.79,107.08,10,2.6,"Java, Indonesia"
21 November 2022,12:48:16,-6.82,107.07,12,2.4,"Java, Indonesia"
21 November 2022,12:40:51,-3.31,128.76,10,2.4,"Seram, Indonesia"
21 November 2022,12:34:16,-6.85,107.08,14,2.1,"Java, Indonesia"
21 November 2022,12:28:30,-6.81,107.05,10,2.3,"Java, Indonesia"
21 November 2022,11:49:16,-6.82,107.07,10,2.3,"Java, Indonesia"
21 November 2022,11:35:29,-2.06,125.78,16,3.9,Ceram Sea
21 November 2022,11:28:49,-2.92,119.38,10,2.1,"Sulawesi, Indonesia"
21 November 2022,11:20:41,-2.2,120.5,10,2.8,"Sulawesi, Indonesia"
21 November 2022,11:10:19,-6.85,107.07,10,3.2,"Java, Indonesia"
21 November 2022,11:00:15,-6.83,107.1,10,2.1,"Java, Indonesia"
21 November 2022,10:14:04,-10.53,123.84,46,3.7,Timor Region
21 November 2022,9:46:17,-6.86,107.07,10,3.1,"Java, Indonesia"
21 November 2022,9:32:04,-6.82,107.13,11,2.3,"Java, Indonesia"
21 November 2022,9:24:53,-6.85,107.05,10,3.3,"Java, Indonesia"
21 November 2022,9:23:05,-6.83,107.06,10,3.5,"Java, Indonesia"
21 November 2022,9:04:19,-6.85,107.07,10,2.9,"Java, Indonesia"
21 November 2022,8:42:19,-6.86,107.07,10,2.3,"Java, Indonesia"
21 November 2022,8:41:47,-10.33,123.78,10,3.1,Timor Region
21 November 2022,8:38:18,-6.84,107.11,10,1.6,"Java, Indonesia"
21 November 2022,8:33:21,-6.79,107.18,10,2.5,"Java, Indonesia"
21 November 2022,8:24:49,-6.83,107.11,10,2.3,"Java, Indonesia"
21 November 2022,8:23:47,-6.8,107.1,10,2,"Java, Indonesia"
21 November 2022,8:07:56,-6.88,107.08,17,1.7,"Java, Indonesia"
21 November 2022,8:03:08,-6.82,107.1,10,3.4,"Java, Indonesia"
21 November 2022,8:00:17,-9.09,110.5,10,3.2,"South of Java, Indonesia"
21 November 2022,7:56:59,-6.82,107.1,11,2.5,"Java, Indonesia"
21 November 2022,7:53:45,-6.84,107.08,10,3,"Java, Indonesia"
21 November 2022,7:51:45,-6.83,107.08,10,2.8,"Java, Indonesia"
21 November 2022,7:41:50,-6.81,107.12,10,1.8,"Java, Indonesia"
21 November 2022,7:29:29,-6.83,107.1,10,2.3,"Java, Indonesia"
21 November 2022,7:27:16,-6.83,107.1,10,2.1,"Java, Indonesia"
21 November 2022,7:25:02,-6.86,107.14,10,1.8,"Java, Indonesia"
21 November 2022,7:23:24,-1.5,99.26,10,2.7,"Northern Sumatra, Indonesia"
21 November 2022,7:20:16,-6.86,107.12,10,2.5,"Java, Indonesia"
21 November 2022,7:18:37,-6.81,107.08,13,2.7,"Java, Indonesia"
21 November 2022,7:17:09,-6.85,107.1,10,2.7,"Java, Indonesia"
21 November 2022,7:16:01,-6.82,107.1,10,2.4,"Java, Indonesia"
21 November 2022,7:12:58,-6.84,107.11,10,2.2,"Java, Indonesia"
21 November 2022,7:08:29,-6.83,107.07,10,2.9,"Java, Indonesia"
21 November 2022,7:01:26,-6.83,107.06,10,2.3,"Java, Indonesia"
21 November 2022,6:58:16,-6.82,107.11,10,2.3,"Java, Indonesia"
21 November 2022,6:52:26,-6.8,107.16,10,2.8,"Java, Indonesia"
21 November 2022,6:48:55,-6.83,107.08,10,2.6,"Java, Indonesia"
21 November 2022,6:45:54,-6.81,107.1,10,3,"Java, Indonesia"
21 November 2022,6:43:07,-6.83,107.06,10,3.6,"Java, Indonesia"
21 November 2022,6:39:10,-6.86,107.09,10,2.4,"Java, Indonesia"
21 November 2022,6:35:56,-6.8,107.09,12,2.7,"Java, Indonesia"
21 November 2022,6:28:51,-6.83,107.11,10,3.4,"Java, Indonesia"
21 November 2022,6:28:12,-6.82,107.09,10,3.2,"Java, Indonesia"
21 November 2022,6:27:41,-6.86,107.1,10,3.6,"Java, Indonesia"
21 November 2022,6:27:01,-6.86,107.09,14,3.1,"Java, Indonesia"
21 November 2022,6:26:28,-6.8,107.11,10,3.5,"Java, Indonesia"
21 November 2022,6:25:30,-6.84,107.1,10,3.6,"Java, Indonesia"
21 November 2022,6:24:42,-6.85,107.1,10,4.1,"Java, Indonesia"
21 November 2022,6:24:00,-6.81,107.1,10,4.3,"Java, Indonesia"
21 November 2022,6:21:10,-6.85,107.03,11,5.6,"Java, Indonesia"
21 November 2022,5:47:00,-2.54,121.81,10,3.9,"Sulawesi, Indonesia"
21 November 2022,3:55:45,-2.54,121.14,10,2.8,"Sulawesi, Indonesia"
21 November 2022,3:55:08,-2.51,121.13,10,2.6,"Sulawesi, Indonesia"
21 November 2022,3:04:47,-0.41,121.9,162,2.1,"Minahassa Peninsula, Sulawesi"
21 November 2022,2:03:10,-2.05,127.26,28,3.2,Northern Molucca Sea
21 November 2022,1:41:05,-4.95,100.74,25,4.9,"Southwest of Sumatra, Indonesia"
21 November 2022,1:24:14,-9.28,113.53,10,4.2,"South of Java, Indonesia"
21 November 2022,0:35:52,-0.91,122.89,30,4.8,"Minahassa Peninsula, Sulawesi"
20 November 2022,22:01:22,-7.53,125.82,409,4.3,Banda Sea
20 November 2022,21:47:28,-6.26,103.35,10,3.5,"Southwest of Sumatra, Indonesia"
20 November 2022,20:29:54,-2.9,119.41,11,2.5,"Sulawesi, Indonesia"
20 November 2022,20:09:56,-2.19,124.84,237,3.9,Celebes Sea
20 November 2022,19:21:46,-1.06,126.15,10,3.2,Northern Molucca Sea
20 November 2022,19:19:03,-8.02,117.84,26,2.7,"Sumbawa Region, Indonesia"
20 November 2022,18:44:23,-4.87,100.72,10,4.1,"Southwest of Sumatra, Indonesia"
20 November 2022,18:32:44,-0.98,126.84,13,3.8,Northern Molucca Sea
20 November 2022,16:54:09,-8.27,118.03,10,2.6,"Sumbawa Region, Indonesia"
20 November 2022,16:40:02,-10.43,123.85,26,3.5,Timor Region
20 November 2022,16:27:05,-10.49,123.89,24,3.1,Timor Region
20 November 2022,16:16:34,-10.53,123.82,64,3.7,Timor Region
20 November 2022,15:30:17,-10.46,123.86,24,4.2,Timor Region
20 November 2022,14:34:58,-0.11,123.45,106,2.7,"Minahassa Peninsula, Sulawesi"
20 November 2022,14:34:33,-10.46,123.89,25,3.6,Timor Region
20 November 2022,14:30:00,-8.59,119.46,128,2.8,"Flores Region, Indonesia"
20 November 2022,14:20:32,-8.26,118.04,11,2.5,"Sumbawa Region, Indonesia"
20 November 2022,14:14:57,-8.25,116.47,11,2.6,"Sumbawa Region, Indonesia"
20 November 2022,13:49:24,-10.49,123.8,56,5.2,Timor Region
20 November 2022,13:33:22,-5.93,128.79,303,4,Banda Sea
20 November 2022,13:21:57,-8.38,116.04,10,3.9,"Sumbawa Region, Indonesia"
20 November 2022,11:38:14,-0.08,123.33,125,3.5,"Minahassa Peninsula, Sulawesi"
20 November 2022,9:54:44,-3.13,102.31,10,3.1,"Southern Sumatra, Indonesia"
20 November 2022,9:27:44,-5.66,125.95,85,4.6,"Mindanao, Philippines"
20 November 2022,7:06:10,-2.86,129.98,10,3.3,"Seram, Indonesia"
20 November 2022,6:30:36,-0.27,122.33,138,2.8,"Minahassa Peninsula, Sulawesi"
20 November 2022,6:05:07,-3.13,102.33,10,3,"Southern Sumatra, Indonesia"
20 November 2022,4:22:11,-7.92,122.51,283,4.6,Flores Sea
20 November 2022,2:54:26,-9.66,116.52,32,2.9,"Sumbawa Region, Indonesia"
20 November 2022,2:28:31,-8.28,117.94,191,2.3,"Sumbawa Region, Indonesia"
